SKU;Name;Description;Cost Price;Old Price;Price;Available On;Stock;Height;Width;Depth;Weight;Position;Taxonomies;Permalink;image_variant1;image_variant2;image_variant3;image_variant4;image_variant5;image_variant6;image_variant7;image_variant8;image_variant9;image_variant10;image_variant11;image_variant12;image_variant13;image_variant14;image_variant15;image_variant16;image_variant17;image_variant18;image_variant19;image_variant20;image_variant21;image_variant22;image_variant23;image_variant24;image_variant25;image_variant26
0;Cadeira Gamer Alpha Gamer Vega Black;"</strong><br>- Marca: Alpha Gamer<br>- Modelo: Vega<br> <br><strong><br>Especificações:<br></strong><br>- Peso suportado: 150 Kg (máx.)<br>- Elevador: Gás (classe 4)<br>- Enchimento: Esponja de densidade moderada<br>- Ajuste da cadeira: 10 cm (em altura)<br>- Ajuste do encosto: posicionamento a 180º (máx.)<br>- Materiais: Metal, plástico, pele sintética<br> <br><strong>Ajuste do apoio dos braços:</strong><br>- 7 cm (em altura)<br>- 30º na horizontal (direita / esquerda)<br><strong><br></strong><br><strong>Conteúdo da Embalagem:</strong><br>- Cadeira Gamer Alpha Gamer Vega<br>- Almofadas para pescoço e lombar <br><br><br><strong>Garantia</strong><br>12 meses de garantia<br><br><strong>Peso</strong><br>22800 gramas<br>
";749.90;999.90;882.24;;;;;;;;Categories > Cadeiras;;Cadeiras/Cadeira_Gamer_Alpha_Gamer_Vega_Black/81454_1476705843_g.jpg;Cadeiras/Cadeira_Gamer_Alpha_Gamer_Vega_Black/81454_index_g.jpg;Cadeiras/Cadeira_Gamer_Alpha_Gamer_Vega_Black/81454_1476705852_g.jpg;Cadeiras/Cadeira_Gamer_Alpha_Gamer_Vega_Black/81454_1476705856_g.jpg;;;;;;;;;;;;;;;;;;;;;;
1;Cadeira Gamer Alpha Gamer Vega BlackRed;"</strong></strong><br>- Marca: Alpha Gamer<br>- Modelo: Vega<br> <br><strong><strong><br>Especificações:<br></strong></strong><br>- Peso suportado: 150 Kg (máx.)<br>- Elevador: Gás (classe 4)<br>- Enchimento: Esponja de densidade moderada<br>- Ajuste da cadeira: 10 cm (em altura)<br>- Ajuste do encosto: posicionamento a 180º (máx.)<br>- Materiais: Metal, plástico, pele sintética<br> <br><strong><strong>Ajuste do apoio dos braços:</strong></strong><br>- 7 cm (em altura)<br>- 30º na horizontal (direita / esquerda)<br><strong><br></strong><br><strong><strong>Conteúdo da Embalagem:</strong></strong><br>- Cadeira Gamer Alpha Gamer Vega<br>- Almofadas para pescoço e lombar <br><br><br><strong>Garantia</strong><br>12 meses de garantia<br><br><strong>Peso</strong><br>22800 gramas<br>
";749.90;999.90;882.24;;;;;;;;Categories > Cadeiras;;Cadeiras/Cadeira_Gamer_Alpha_Gamer_Vega_BlackRed/81456_1476706549_g.jpg;Cadeiras/Cadeira_Gamer_Alpha_Gamer_Vega_BlackRed/81456_index_g.jpg;Cadeiras/Cadeira_Gamer_Alpha_Gamer_Vega_BlackRed/81456_1476706554_g.jpg;Cadeiras/Cadeira_Gamer_Alpha_Gamer_Vega_BlackRed/81456_1476706559_g.jpg;;;;;;;;;;;;;;;;;;;;;;
2;Cadeira Gamer DT3 Sports Elise Orange 106366;"</strong><br>- Marca: DT3 Sports<br>- Modelo: Elise<br> <br><strong><br>Especificações:<br></strong><br>- Base com 5 pés com 350mm de raio.<br>- Recomendado para pessoas de até 130Kg e 1,80m.<br>- Largura do encosto superior: 58 cm<br>- Distância entre os braços: 56 cm<br>- Largura de encosto inferior: 52 cm<br>- Largura do encosto interno: 33 cm<br>- Largura interna do assento: 36 cm<br>- Largura do assento: 56 cm<br>- Altura do encosto: 84 cm<br>- Profundidade do assento: 57 cm<br> <br><strong>Informações adicionais:</strong><br>- Cadeira ergonômica, reclinável, com design Racing DT3sports.<br>- Estofamento couro sintético PU alta qualidade.<br>- Assento com espuma de alta densidade (50Kg/m³), regulagem de altura de 100mm e 360° de rotação.<br>- Função de balanço permite inclinar o assento em até 12°.<br>- Cilindro de alta qualidade (class-4 gas lift) com sistema de segurança contra explosão.<br>- Duas almofadas inclusas para apoio lombar e pescoço. Ambas com logo bordado.<br>- Atende normas EN 1335-1 e EN 1335-2 certificadas pela SGS.<br>- Base de aço com pintura “black piano”.<br>- Homologadas no teste BIFMA, suportam mais do que 1500Kg mesmo após 1 ano de uso.<br><strong> </strong><br><strong>Conteúdo da embalagem:</strong><br>- Cadeira Gamer DT3 Sports  <br><br><br><strong>Garantia</strong><br>12 meses de garantia<br><br><strong>Peso</strong><br>24250 gramas<br>
";779.90;1029.90;917.53;;;;;;;;Categories > Cadeiras;;Cadeiras/Cadeira_Gamer_DT3_Sports_Elise_Orange_106366/90503_10_1509977544_g.jpg;Cadeiras/Cadeira_Gamer_DT3_Sports_Elise_Orange_106366/90503_1509977614_index_g.jpg;Cadeiras/Cadeira_Gamer_DT3_Sports_Elise_Orange_106366/90503_11_1509977544_g.jpg;Cadeiras/Cadeira_Gamer_DT3_Sports_Elise_Orange_106366/90503_12_1509977544_g.jpg;Cadeiras/Cadeira_Gamer_DT3_Sports_Elise_Orange_106366/90503_13_1509977544_g.jpg;Cadeiras/Cadeira_Gamer_DT3_Sports_Elise_Orange_106366/90503_14_1509977544_g.jpg;Cadeiras/Cadeira_Gamer_DT3_Sports_Elise_Orange_106366/90503_15_1509977544_g.jpg;Cadeiras/Cadeira_Gamer_DT3_Sports_Elise_Orange_106366/90503_16_1509977544_g.jpg;Cadeiras/Cadeira_Gamer_DT3_Sports_Elise_Orange_106366/90503_1_1509977544_g.jpg;Cadeiras/Cadeira_Gamer_DT3_Sports_Elise_Orange_106366/90503_2_1509977544_g.jpg;Cadeiras/Cadeira_Gamer_DT3_Sports_Elise_Orange_106366/90503_3_1509977544_g.jpg;Cadeiras/Cadeira_Gamer_DT3_Sports_Elise_Orange_106366/90503_4_1509977544_g.jpg;Cadeiras/Cadeira_Gamer_DT3_Sports_Elise_Orange_106366/90503_5_1509977544_g.jpg;Cadeiras/Cadeira_Gamer_DT3_Sports_Elise_Orange_106366/90503_6_1509977544_g.jpg;Cadeiras/Cadeira_Gamer_DT3_Sports_Elise_Orange_106366/90503_7_1509977544_g.jpg;Cadeiras/Cadeira_Gamer_DT3_Sports_Elise_Orange_106366/90503_8_1509977544_g.jpg;Cadeiras/Cadeira_Gamer_DT3_Sports_Elise_Orange_106366/90503_9_1509977544_g.jpg;Cadeiras/Cadeira_Gamer_DT3_Sports_Elise_Orange_106366/90503_xxx_g.jpg;;;;;;;;
3;Cadeira Gamer DT3 Sports GT Black Light Green 105185;"</strong><br>- Marca: DT3 Sports<br>- Modelo: 10518-5<br> <br><strong><br>Especificações:<br></strong> <br>- Cadeira ergonômica, extra-acolchoado e super confortável<br>- Design diferenciado para escritório, casa, trabalho ou lazer<br>- Construção leve para fácil movimentação mas estrutura resistente e reforçada<br>- Couro sintético PU mesclado com tecido de fácil limpeza e alta qualidade<br>- Apoio de braço de couro PU com acolchoamento extra para maior conforto<br>- Rotação de giro de 360°<br>- Mola de gás com altura ajustável e alta qualidade (class-4 gas lift)<br>- Função de balanço permite inclinar o assento em até 12°<br>- Com bloqueio na posição vertical<br>- Rodas de alta resistência e fácil movimentação (60mm)<br>- Base de aço liga com pintura eletroestática<br>- Possui 5 pés com 350mm de raio<br>- Costura industrial de qualidade<br>- Suporta até 110Kg<br>- Atende normas EN 1335-1 e EN 1335-2 certificadas pela SGS<br> <br><strong>Dimensões Físicas:</strong><br>- Altura do assento ajustável: 43 <br>- 51 cm<br>- Largura do assento: 53 cm<br>- Profundidade do assento: 53 cm<br>- Largura do encosto superior: 52 cm<br>- Largura do encosto inferior: 50 cm<br>- Altura do encosto: 70 cm<br>- Distância entre os braços: 50 cm<br>- Altura do chão até o braço: 70 cm<br>- Espessura do estofamento: 8 cm<br> <br><strong>Conteúdo da Embalagem:</strong><br>- Cadeira Gamer DT3 Sports GT<br><br><strong><strong><strong>* Não acompanha Almofadas </strong><br><br><strong>* GARANTIA ESPECIAL (Fabricante)</strong><br>Todas as cadeiras da GAMING SERIES contam com:<br>- 2 Anos na Estrutura<br>- 2 Anos na Base e Rodinhas<br>- 2 Anos no Cilindro de Gás<br>- 1 Ano  nas Demais Partes</strong></strong> <br><br><br><strong>Garantia</strong><br>12 meses de garantia<br><br><strong>Peso</strong><br>19500 gramas<br>
";499.90;649.90;588.12;;;;;;;;Categories > Cadeiras;;Cadeiras/Cadeira_Gamer_DT3_Sports_GT_Black_Light_Green_105185/84598_1_1530532579_g.jpg;Cadeiras/Cadeira_Gamer_DT3_Sports_GT_Black_Light_Green_105185/84598_index_g.jpg;Cadeiras/Cadeira_Gamer_DT3_Sports_GT_Black_Light_Green_105185/84598_2_1530532579_g.jpg;Cadeiras/Cadeira_Gamer_DT3_Sports_GT_Black_Light_Green_105185/84598_3_1530532579_g.jpg;Cadeiras/Cadeira_Gamer_DT3_Sports_GT_Black_Light_Green_105185/84598_4_1530532579_g.jpg;;;;;;;;;;;;;;;;;;;;;
4;Computador HP Intel Core I37100 4GB HD 500GB Windows 10 Pro  2SE06LA;"</strong><br>- Marca: HP<br>- Modelo: 2SE06LA<br><strong><br></strong><br><strong><br>Especificações:<br></strong><br>- USB 1000dpi Laser WRD<br>- 180W Chassis / 1 VGA + 1 DP<br><strong><br></strong><br><strong>Processador:</strong><br>-  INTEL 7100 7Gen Core i3-2C   <br> <br><strong>Memória:</strong><br>- RAM 4GB (1x4GB)<br>- DDR4<br>- 2400<br><strong><br></strong><br><strong>Armazenamento:</strong><br>- HDD 500GB <br>- 7200RPM 3.5   <br> <br><strong>Chipset:</strong><br>- Intel H270  <br> <br><strong>Conteúdo da embalagem:</strong><br>-  Computador HP<br> <br><strong>Obs: Não acompanha Drive Óptico.</strong> <br><br><br><strong>Garantia</strong><br>12 meses de garantia<br><br><strong>Peso</strong><br>6665 gramas<br>
";2148.90;;2528.12;;;;;;;;Categories > Computadores;;Computadores/Computador_HP_Intel_Core_I37100_4GB_HD_500GB_Windows_10_Pro__2SE06LA/94050_xxx_g.jpg;Computadores/Computador_HP_Intel_Core_I37100_4GB_HD_500GB_Windows_10_Pro__2SE06LA/94050_1513187419_index_g.jpg;;;;;;;;;;;;;;;;;;;;;;;;
5;Computador HP Intel Core I57500 4GB HD 500GB Windows 10 Pro  2SE07LA;"</strong><br>- Marca: HP<br>- Modelo: 2SE07LA<br> <br><strong><br>Especificações:<br></strong><br>- Turbo Drive (PCIe M.2)<br>- 1 M.2 2230 para NIC sem fio<br>- PCI Express x16 (v3.0)(conectado como x4) 2,5"", perfil baixo, 6,6"" de comprimento, potência máxima de 35 W<br>- PCI Express x16 (v3.0) 2,5"", perfil baixo, 6,6"" de comprimento, potência máxima de 35 W<br><strong><br></strong><br><strong>Processador:</strong><br>- Intel® Core i5-7500 com gráficos Intel® HD 630 <br>- Frequência base 3,4 GHz, até 3,8 GHz com a tecnologia Intel® Turbo Boost<br>- 6 MB de cache<br>- 4 núcleos<br><strong><br></strong><br><strong>Chipset:</strong><br>- Intel® H270<br><strong><br></strong><br><strong>Fator de forma:</strong><br>- Small form factor<br><strong><br></strong><br><strong>Sistema Operacional:</strong><br>- Windows 10 Pro 64<br> <br><strong>Memória:</strong><br>- 4 GB DDR4-2400 SDRAM (1x4 GB)<br>- Slots de memória: 2 DIMM<br><strong><br></strong><br><strong>Disco Rígido:</strong><br>- SATA de 500 GB 7200 rpm<br> <br><strong>Gráficos:</strong><br>- Integrado<br>- Gráficos Intel® HD 630<br><strong><br></strong><br><strong>Portas Frontais:</strong><br>- 1 leitor de cartões SD 3 (opcional)<br>- 1 conector para fone de ouvido<br>- 2 USB 3.1 Gen 1<br><strong><br></strong><br><strong>Portas Traseiras:</strong><br>- 1 Conector de áudio; 1 RJ-45<br>- 1 Conector de saída de áudio<br>- 1 DisplayPort<br>- 1 VGA<br>- 4 USB 2.0<br>- 2 USB 3.1 Gen 1<br>- 1 Conector de alimentação<br> <br><strong>Áudio:</strong><br>- Codec Conexant CX20632<br>- Alto-falante interno 2 W<br>- Conector de áudio universal<br>- Portas frontais para headset e fone de ouvido (3,5 mm)<br>- Pronto para multistreaming<br> <br><strong>Conteúdo da embalagem:</strong><br>- Computador HP<br> <br><strong>Obs: Não acompanha Drive Óptico.</strong> <br><br><br><strong>Garantia</strong><br>12 meses de garantia<br><br><strong>Peso</strong><br>6720 gramas<br>
";2589.90;;3046.94;;;;;;;;Categories > Computadores;;Computadores/Computador_HP_Intel_Core_I57500_4GB_HD_500GB_Windows_10_Pro__2SE07LA/94051_xxx_g.jpg;Computadores/Computador_HP_Intel_Core_I57500_4GB_HD_500GB_Windows_10_Pro__2SE07LA/94051_1513187097_index_g.jpg;;;;;;;;;;;;;;;;;;;;;;;;
6;Computador Lenovo Intel Core i37100 8GB HD 500GB DVDRW Windows 10 Pro V520S  10NN001FBP;"</strong><br>- Marca: Lenovo<br>- Modelo: 10NN001FBP<br><strong><br></strong><br><strong><br>Especificações:<br></strong><br> <br><strong>Processador:</strong><br>- Intel Core i3<br>- 7100 <br>- 3.90GHz<br> <br><strong>Memória:</strong><br>- 8GB (2x4GB)<br>- Tipo: DDR4 2400MHz<br>- Memória máxima: 32GB (2x16GB)<br> <br><strong>Armezenamento:</strong><br>- 500GB<br><strong><br></strong><br><strong>Sistema Operacional:</strong><br>- Windows 10 PRO<br> <br><strong>Chipset Placa mãe:</strong><br>- INTEL B250<br> <br><strong>Drive Óptico:</strong><br>- DVD+RW Dual Layer<br> <br><strong>Slots:</strong><br>- PCIe X1: 01<br>- PCIe X16: 01<br> <br><strong>Placa de vídeo:</strong><br>- Compatilhada<br> <br><strong>Conexões:</strong><br>- USB 2.0: 2<br>- USB 3.0: 6<br>- VGA: 01<br>- HDMI: 01<br>- Display Port: 01<br>- Serial: 01<br> <br><strong>Rede:</strong><br>- 10/100/1000 Mbps<br> <br><strong>Criptografia:</strong><br>- Firmware TPM (fTPM)<br> <br><strong>Fonte:</strong><br>- 180W <br>- Automática <br>- 85% PSU<br> <br><strong>Gabinete:</strong><br>- Small Form Factor (SFF)<br> <br><strong>Teclado e mouse:</strong><br>- Conexão com computador: USB 2.0<br> <br><strong>Conteúdo da embalagem:</strong><br>- Computador Lenovo <br><br><br><strong>Garantia</strong><br>12 meses de garantia<br><br><strong>Peso</strong><br>7000 gramas<br>
";2949.90;;3470.47;;;;;;;;Categories > Computadores;;Computadores/Computador_Lenovo_Intel_Core_i37100_8GB_HD_500GB_DVDRW_Windows_10_Pro_V520S__10NN001FBP/96701_1_1526492223_g.jpg;Computadores/Computador_Lenovo_Intel_Core_i37100_8GB_HD_500GB_DVDRW_Windows_10_Pro_V520S__10NN001FBP/96701_1526492251_index_g.jpg;Computadores/Computador_Lenovo_Intel_Core_i37100_8GB_HD_500GB_DVDRW_Windows_10_Pro_V520S__10NN001FBP/96701_2_1526492223_g.jpg;Computadores/Computador_Lenovo_Intel_Core_i37100_8GB_HD_500GB_DVDRW_Windows_10_Pro_V520S__10NN001FBP/96701_xxx_g.jpg;;;;;;;;;;;;;;;;;;;;;;
7;Computador Ultratop Intel Celeron Dual Core J3060 4GB HD 500GB Linux  325507;"</strong><br> <br>- Marca: Ultratop<br> <br>- Modelo: 32550-7<br> <strong><br> <br>Especificações:<br> </strong><br>- Processador Intel Quinta Geração <br>- Braswell <br>- Processador: Intel Dual Core J3060 1,6Ghz Turbo: 2.48Ghz <br>- Memória cache: 2 MB<br>- TDP máximo: 6W<br>- Tecnologia: 14 nm <br><strong><br></strong><strong>Memória Ram</strong>:<br>- 4GB <br>- DDR3<br>- 1 x DDR3L SODIMM <br>- 1600/1333 MHz<br>- Voltagem: 1,35V <br>- Máximo de 8 GB <br><strong>Discos:</strong><br>- Tipo de disco: SATA 3,5 ou 2,5 <br>- Fixo<br>- Disco Padrão: 1 x 500GB SATA<br>- Discos suportado: 1 <br><strong><br>Unidade óptica:</strong><br>- Somente opção de unidade externa<br><strong><br></strong><strong>Gráficos:</strong><br>- Intel HD Graphics 400<br>- 1 x VGA <br>- 1 x HDMI  <br><strong>Rede:</strong><br>- 1 x 10/100/1000Mbps<br><strong>Áudio:</strong><br>- Realtek® ALC662 codec<br>- Áudio CODEC HD de 6 canais<br>- Áudio CODEC de Alta Definição 6 canais ALC662 Realtek <br><strong>Fonte:</strong><br>- Fonte adaptador, entrada 100-240V AC, saída 12V DC 3,75A<br><strong>USB:</strong><br>- 4 Portas USB 2.0 <br>- 2 portas traseiras, 2 portas frontais.<br>- 2 Porta USB 3.0 <br>- Traseira <br><strong>Conexões Traseiras:</strong><br>- Teclado PS/2 e conector de mouse PS/2<br>- VGA<br>- Serial (COM)<br>- HDMI<br>- USB 3.0<br>- Rede 10/100/1000<br>- USB 2.0<br>- Porta de áudio (Linha Sai / Linha entra / Mic Entra)<br><strong>Sistema Operacional:</strong><br>- Linux<br><strong>Conteúdo da Embalagem:</strong><br>- 01 Computador  Ultratop  <br><br><br><strong>Garantia</strong><br>12 meses de garantia<br><br><strong>Peso</strong><br>1890 gramas<br>
";985.90;;1159.88;;;;;;;;Categories > Computadores;;Computadores/Computador_Ultratop_Intel_Celeron_Dual_Core_J3060_4GB_HD_500GB_Linux__325507/83540_1479391409_g.jpg;Computadores/Computador_Ultratop_Intel_Celeron_Dual_Core_J3060_4GB_HD_500GB_Linux__325507/83540_index_g.jpg;Computadores/Computador_Ultratop_Intel_Celeron_Dual_Core_J3060_4GB_HD_500GB_Linux__325507/83540_1479391415_g.jpg;;;;;;;;;;;;;;;;;;;;;;;
8;HD Seagate SATA 35 BarraCuda 2TB 7200RPM 64MB Cache SATA 6Gbs  ST2000DM006;"</strong><br>- Marca: Seagate<br>- Modelo: ST2000DM006<br> <br><strong><br>Especificações:<br></strong><br>- Número do modelo ST2000DM006<br>- Interface SATA 6.0Gb/s<br>- Cache 64MB<br>- Capacidade 2TB<br>- Fator de Forma: 3.5""<br>- Velocidade do eixo: 7200RPM<br>- Dimensão Aproximada: 26.11 x 101.60 x 146.99mm<br><strong> </strong><br><strong>Conteúdo da Embalagem:</strong><br>- 01 HD Seagate  <br><br><br><strong>Garantia</strong><br>12 meses de garantia<br><br><strong>Peso</strong><br>610 gramas<br>
";354.90;;417.53;;;;;;;;Categories > Disco Rigido;;Disco_Rigido/HD_Seagate_SATA_35_BarraCuda_2TB_7200RPM_64MB_Cache_SATA_6Gbs__ST2000DM006/80924_1474898803_g.jpg;Disco_Rigido/HD_Seagate_SATA_35_BarraCuda_2TB_7200RPM_64MB_Cache_SATA_6Gbs__ST2000DM006/80924_index_g.jpg;;;;;;;;;;;;;;;;;;;;;;;;
9;HD Seagate SATA 35 BarraCuda 3TB 7200RPM 64MB Cache SATA 6Gbs  ST3000DM008 ;"</strong><br>- Marca: Seagate<br>- Modelo: ST3000DM008 <br> <br><strong><br>Especificações:<br> </strong><br> <br><strong>Interface: </strong><br>- SATA 6Gb/s<br> <br><strong>Performance:</strong><br>- Seagate AcuTrac™ Technology<br>- Taxas de transferência SATA suportadas (Gb / s): 6.0/3.0/1.5<br>- Taxa média de dados, leitura/gravação: 156<br>- Máx. Taxa de dados, leitura/gravação OD: 210<br>- Cache: 64 MB<br><strong><br></strong><br><strong>Configurações:</strong><br>- Heads/Discos: 6/3<br>- Bytes por setor: 4096<br><strong><br></strong><br><strong>Confiabilidade/Integridade de Dados:</strong><br>- Ciclos de carga / descarga: 300,000<br>- Erros de leitura não recuperáveis ​​por bits lidos, máx.: 1 per 10E14<br>- Horário de funcionamento (por ano): 2400<br>- Limite da taxa de carga de trabalho (TB / ano): 55<br> <br><strong>Energia:</strong><br>- Poder de inicialização (A): 2.0<br>- Modo típico de operação: 8.0W<br>- Média Ociosa: 5.4W<br>- Modo de espera/ modo de espera típico: 0.75W/0.75W<br>- Tolerância de tensão, incluindo ruído (5V): ±5%<br>- Tolerância de tensão, incluindo ruído (12V): ±10%<br><strong><br></strong><br><strong>Meio ambiente:</strong><br>- Operação (ambiente, min): 0<br>- Operação (Caixa da unidade, máx.): 60<br>- Não operacional (ambiente): –40 to 70<br>- Sem halogênio<br>- RoHS<br><strong><br></strong><br><strong>Conteúdo da embalagem:</strong><br>- HD Seagate <br><br><br><strong>Garantia</strong><br>12 meses de garantia<br><br><strong>Peso</strong><br>600 gramas<br>
";592.90;;697.53;;;;;;;;Categories > Disco Rigido;;;Disco_Rigido/HD_Seagate_SATA_35_BarraCuda_3TB_7200RPM_64MB_Cache_SATA_6Gbs__ST3000DM008_/83616_index_g.jpg;;;;;;;;;;;;;;;;;;;;;;;;
10;HD Toshiba SATA 35 1TB 7200RPM 32MB Cache SATA 60Gbs DT01ACA100;"</strong><br>- Marca: Toshiba<br>- Modelo: DT01ACA100<br><strong><br>Especificações:<br></strong><br>-  Capacidade: 1000 GBytes<br>- Fator de forma: 3,5 polegadas<br>- Tipo de Interface: Serial ATA<br>- Interfaces suportadas este padrão: ATA-8, Serial ATA 3,0<br>- Bytes / setor (Host): 512<br>- Bytes / setor (disco): 4096 kByte<br>- Tempo médio de busca: 0,6 ms<br>- Tempo de gravação média: 0,8 ms<br>- Velocidade de rotação: 7.200 rpm<br>- Cache: 32 MByte<br><strong>Consumo de energia: </strong><br>- Leitura / Escrita: 6,4 W <br>- Idle: 3,7 W <br>- Em espera: 1,0 W <br><br><br><strong>Garantia</strong><br>12 meses de garantia<br><br><strong>Peso</strong><br>280 gramas<br>
";242.90;;285.76;;;;;;;;Categories > Disco Rigido;;Disco_Rigido/HD_Toshiba_SATA_35_1TB_7200RPM_32MB_Cache_SATA_60Gbs_DT01ACA100/38434_1_1530275321_g.jpg;Disco_Rigido/HD_Toshiba_SATA_35_1TB_7200RPM_32MB_Cache_SATA_60Gbs_DT01ACA100/38434_1530275331_index_g.jpg;Disco_Rigido/HD_Toshiba_SATA_35_1TB_7200RPM_32MB_Cache_SATA_60Gbs_DT01ACA100/38434_2_1530275321_g.jpg;Disco_Rigido/HD_Toshiba_SATA_35_1TB_7200RPM_32MB_Cache_SATA_60Gbs_DT01ACA100/38434_xxx_g.jpg;;;;;;;;;;;;;;;;;;;;;;
11;HD WD SATA 35 Blue PC 6TB 5400RPM 64MB Cache SATA 60Gbs  WD60EZRZ;"</strong></strong><br>- Marca: WD<br>- Modelo: WD60EZRZ<br> <br><strong><br>Especificações:<br></strong><br>- Interface: SATA 6 Gb/s<br>- Capacidade: 6TB<br>- Form factor: 3.5-inch<br>- RoHS compliant<br>- Cache: 64MB<br>- Rotação: 5400 rpm<br>- Buffer para host: 6 Gb/s <br><strong>Informações adicionais:</strong><br>- O original: Os drives WD Blue são projetados e fabricados com a tecnologia comprovada presente nos premiados HDs móveis e para desktop originais da WD.<br>- A qualidade WD: Construídas segundo os mais altos níveis de qualidade e confiabilidade, essas unidades oferecem recursos e capacidade ideais para suas necessidades diárias de computação.<br>- Mais opções: Essas unidades estão disponíveis em uma vasta gama de capacidades e interfaces, para você ter a unidade perfeita para seu sistema, de várias maneiras.<br>- Interface SATA ou PATA: Embora o SATA tenha se convertido na interface padrão do setor, a WD continua fabricando HDs para computadores de mesa com a interface PATA para sistemas exclusivos ou legados.<br>- Tecnologia de carga de rampa NoTouch™: O cabeçote de gravação nunca toca a mídia do disco, garantindo um desgaste muito menor do cabeçote de gravação e da mídia, bem como uma melhor proteção do drive em trânsito.<br>- É fácil atualizar sua unidade: Com o software Acronis® True Image™ WD Edition, disponível para download gratuito no site de Suporte da WD, você copia todos os dados em uma nova unidade, assim você não precisa reinstalar o sistema operacional para ter todas as vantagens de uma nova unidade.  <br><br><br><strong>Garantia</strong><br>12 meses de garantia<br><br><strong>Peso</strong><br>725 gramas<br>
";1099.90;;1294.00;;;;;;;;Categories > Disco Rigido;;;Disco_Rigido/HD_WD_SATA_35_Blue_PC_6TB_5400RPM_64MB_Cache_SATA_60Gbs__WD60EZRZ/71574_index_g.jpg;;;;;;;;;;;;;;;;;;;;;;;;
12;Cadeira Gamer Dazz Prime Green 624719;"</strong><br>- Marca: Dazz<br>- Modelo: 62-471-9<br> <br><strong><br>Especificações:<br></strong><br>- Peso Suportado: 125 Kg<br>- Altura Recomendada: 1.80m<br>- Assento: 55 x 55 cm<br>- Espuma Assento: Espuma de Molde<br>- Densidade Espuma: 50<br>- Apoio Braço: Fixo<br>- Mecanismo: Butterfly<br>- Gás Lift: Classe 3<br>- Gás Alt.: 80mm<br>- Encosto: 86 x 56 cm<br>- Função Balanço: 15º<br>- Com Trava de Inclinação<br>- Material da Base: Metal<br>- Material do Assento: Madeira<br>- Dimensões da Base: 350mm<br>- Estrutura: Madeira<br>- Rodas: Nylon<br>- Rodas Dimensão: 50mm<br>- Tapeçaria: PU + PVC<br> <br><strong>Conteúdo da Embalagem:</strong><br>- Cadeira Gamer Dazz<br>- Almofadas para encosto <br><br><br><strong>Garantia</strong><br>12 meses de garantia<br><br><strong>Peso</strong><br>19450 gramas<br>
";619.90;849.90;729.29;;;;;;;;Categories > Games;;;Games/Cadeira_Gamer_Dazz_Prime_Green_624719/89453_index_g.jpg;;;;;;;;;;;;;;;;;;;;;;;;
13;Cadeira Gamer DT3 Sports Elise Grey 106333;"</strong><br>- Marca: DT3 Sports<br>- Modelo: Elise<br> <br><strong><br>Especificações:<br></strong><br>- Base com 5 pés com 350mm de raio.<br>- Recomendado para pessoas de até 130Kg e 1,80m.<br>- Largura do encosto superior: 58 cm<br>- Distância entre os braços: 56 cm<br>- Largura de encosto inferior: 52 cm<br>- Largura do encosto interno: 33 cm<br>- Largura interna do assento: 36 cm<br>- Largura do assento: 56 cm<br>- Altura do encosto: 84 cm<br>- Profundidade do assento: 57 cm<br> <br><strong><strong>Informações adicionais:</strong></strong><br>- Cadeira ergonômica, reclinável, com design Racing DT3sports.<br>- Estofamento couro sintético PU alta qualidade.<br>- Assento com espuma de alta densidade (50Kg/m³), regulagem de altura de 100mm e 360° de rotação.<br>- Função de balanço permite inclinar o assento em até 12°.<br>- Cilindro de alta qualidade (class-4 gas lift) com sistema de segurança contra explosão.<br>- Duas almofadas inclusas para apoio lombar e pescoço. Ambas com logo bordado.<br>- Atende normas EN 1335-1 e EN 1335-2 certificadas pela SGS.<br>- Base de aço com pintura “black piano”.<br>- Homologadas no teste BIFMA, suportam mais do que 1500Kg mesmo após 1 ano de uso.<br><strong> </strong><br><strong><strong>Conteúdo da embalagem:</strong></strong><br>- Cadeira Gamer DT3 Sports  <br><br><br><strong>Garantia</strong><br>12 meses de garantia<br><br><strong>Peso</strong><br>24250 gramas<br>
";779.90;1029.90;917.53;;;;;;;;Categories > Games;;Games/Cadeira_Gamer_DT3_Sports_Elise_Grey_106333/90500_10_1509990999_g.jpg;Games/Cadeira_Gamer_DT3_Sports_Elise_Grey_106333/90500_1509991556_index_g.jpg;Games/Cadeira_Gamer_DT3_Sports_Elise_Grey_106333/90500_11_1509990999_g.jpg;Games/Cadeira_Gamer_DT3_Sports_Elise_Grey_106333/90500_12_1509990999_g.jpg;Games/Cadeira_Gamer_DT3_Sports_Elise_Grey_106333/90500_13_1509990999_g.jpg;Games/Cadeira_Gamer_DT3_Sports_Elise_Grey_106333/90500_1_1509990999_g.jpg;Games/Cadeira_Gamer_DT3_Sports_Elise_Grey_106333/90500_2_1509990999_g.jpg;Games/Cadeira_Gamer_DT3_Sports_Elise_Grey_106333/90500_3_1509990999_g.jpg;Games/Cadeira_Gamer_DT3_Sports_Elise_Grey_106333/90500_4_1509990999_g.jpg;Games/Cadeira_Gamer_DT3_Sports_Elise_Grey_106333/90500_5_1509990999_g.jpg;Games/Cadeira_Gamer_DT3_Sports_Elise_Grey_106333/90500_6_1509990999_g.jpg;Games/Cadeira_Gamer_DT3_Sports_Elise_Grey_106333/90500_7_1509990999_g.jpg;Games/Cadeira_Gamer_DT3_Sports_Elise_Grey_106333/90500_8_1509990999_g.jpg;Games/Cadeira_Gamer_DT3_Sports_Elise_Grey_106333/90500_9_1509990999_g.jpg;Games/Cadeira_Gamer_DT3_Sports_Elise_Grey_106333/90500_xxx_g.jpg;;;;;;;;;;;
14;Game PES 2019 PS4;"</strong><br>- Marca: Konami<br>- Game: PES 2019<br> <br><strong><br>Especificações:<br></strong><br>- Plataforma: Playstation 4<br>- Publisher: Konami<br>- Categoria: Futebol<br>- Tipo de mídia: Blu-Ray<br>- Idioma do jogo: Português (áudio)<br>- Legenda: Português<br>- Número de Jogadores Offline: 1 <br>- 4 jogadores <br>- Número de Jogadores Online: 2 <br>- 22 jogadores<br>- Idade recomendada: Livre<br>- Espaço Requerido no Disco Rígido: No mínimo 23GB<br>- Saída de Vídeo: 1080p<br><strong>Diferencial:</strong><br>- Representante Premium (3 jogadores) x 10 semanas<br>- 3 renovações de contrato x 10 semanas<br>- Coutinho por empréstimo<br>- Beckham 2018 por empréstimo<br> <br><strong>Informações adicionais: </strong><br><strong><br>Ligas autênticas &amp; Parcerias: </strong><br>- Mais ligas licenciadas comparado ao PES 2018 – informação chegando entre julho e agosto<br>- Mais equipes e jogadores licenciados comparado ao PES 2018 – incluindo até 40 jogadores por elenco<br>- Mais estádios licenciados comparado ao PES 2018<br>- Novo design HUD baseado na licença de cada liga<br><strong><br>Momentos Mágicos: </strong><br>- Individualidade dos jogadores levada para um outro nível, onde as habilidades e força têm mais importância na jogabilidade. Introdução de 11 novas habilidades que ajudam a melhorar a singularidade de cada jogador, como o passe sem olhar, pegador de pênalti, chute ascendente/descendente<br>- Cansaço visível: Jogadores darão sinais visuais quando estiverem cansados, ou simplesmente não terão energia suficiente para voltarem para suas posições. Continuar jogando com os jogadores cansados resultará em lesões<br>- Substituições rápidas disponíveis quando a bola sair de jogo, com as trocas predefinidas recomendadas<br>- Animações de dribles e fluidez agora baseados em uma série de fatores como posicionamento, distância da bola e proximidade do adversário<br>- Nova mecânica do chute incluindo animações únicas baseadas no jogador e na posição da bola, assim como o equilíbrio da velocidade da bola baseado na habilidade do jogador e na situação do chute<br>- Redes do gol redesenhadas, com toda a rede reagindo ao impacto e não apenas a área do chute<br><strong><br>O Jogo bonito: </strong><br>- Somente para a atual geração: 4K HDR em todas as plataformas<br>- Uso do software Enlighten e da função Global Illumination para criar foto realismo<br>- Resolução dinâmica integrada permitindo detalhes constantes na câmera de jogabilidade<br>- Implementação de textura real da grama<br>- Efeito de neve adicionado<br>- Melhorias nos detalhes da torcida<br>- Melhor fluxo de animação aprimorando a variedade em todos os movimentos dos jogadores<br><strong>Novo Myclub: </strong><br>- Novo design de cards (estilo de cartões de futebol)<br>- Método de compra de jogadores adicionado: Pacotes de jogadores – 3 jogadores por pacote além da opção de pacote único <br>- Jogadores de alta performance: POTW (Jogadores da semana), Lendas, Edições de cards especiais<br><strong>ML – Temporadas: </strong><br>- Pré-temporada da ICC apresentando a experiência de jogadores únicos<br>- Transferências reais<br>- Novo sistema de negociações<br>- Implementação de menus ao vivo (vídeos na ML)<br><strong>Menus ao vivo: </strong><br>- Nova apresentação em todos os modos<br>- Vídeos ao vivo sendo atualizados com o conteúdo que está chegando ao PES<br>- Ofertas de descontos exclusivos nos productos futuros<br><strong>Conteúdo da embalagem:</strong><br>- 01 Mídia com jogo<br><br><strong><br>ATENÇÃO!!! PARA GARANTIRMOS A SEGURANÇA E QUALIDADE DOS JOGOS POR NÓS FORNECIDOS, ESTE GAME NÃO PODERÁ SER DEVOLVIDO APÓS ABERTO, VISTO QUE TRATA-SE DE UM PRODUTO LACRADO.</strong><br>  <br><br><br><strong>Garantia</strong><br>3 meses de garantia<br><br><strong>Peso</strong><br>85 gramas<br>
";169.92;;199.90;;;;;;;;Categories > Games;;;Games/Game_PES_2019_PS4/97454_index_g.jpg;;;;;;;;;;;;;;;;;;;;;;;;
15;Headset C3 Tech Voicer ConfortPreto  MI2260ARC;"<br></strong><br>- Marca: C3 Tech<br>- Modelo: MI-2260ARC<br> <br><strong><br>Especificações:<br></strong>- Resposta de Frequência Fones: 20Hz a 20kHz.<br>- Impedância: 32 Ohm<br>- Sensibilidade: 105db a 1 kHz<br>- Isolamento Acústico<br>- Almofadas (material): Borracha<br>- Tipo de Microfone: Eletreto<br>- Nível Máximo de Entrada: 100mW<br>- Controle de Volume no Cabo<br>- Plug Estéreo<br>- Plugs Individuais (microfone e audio): P2<br>- Tipo de Cabo: Cordão revestido em PVC<br>- Comprimento do Cabo: 1,80m<br>- Dimensão do produto (L x A x P): 16.5 x 19.5 x 8.5 cm<br> <br><strong>Informações Adicionais:</strong><br>- Suporte para cabeça com regulagem de altura<br>- Almofada auricular macia para maior conforto<br>- Haste flexível do microfone<br>- Espuma anti-puff para melhor qualidade de som<br>- Base do microfone com rotação de 180º<br>- Controle de volume integrado<br>- Conectores coloridos para melhor identificação de fone e microfone<br> <br>Aplicações:<br>- Messenger<br>- Skype<br>- Música<br>- Notebook<br>- PCs<br> <br>Requisitos do Sistema:<br>- Placa de som: entrada para microfone e saída para fone de ouvido<br>- Conectores: plug P2 estéreo<br> <br>Conteúdo da Embalagem:<br>- 1 Headphone Confort P2 <br><br><br><strong>Garantia</strong><br>3 meses de garantia<br><br><strong>Peso</strong><br>284 gramas<br>
";37.90;;44.59;;;;;;;;Categories > Headsets;;Headsets/Headset_C3_Tech_Voicer_ConfortPreto__MI2260ARC/5559_1_1507648445_g.jpg;Headsets/Headset_C3_Tech_Voicer_ConfortPreto__MI2260ARC/5559_1507648565_index_g.jpg;Headsets/Headset_C3_Tech_Voicer_ConfortPreto__MI2260ARC/5559_xxx_g.jpg;;;;;;;;;;;;;;;;;;;;;;;
16;Headset Edifier K800 Preto;"sticas</strong>:<br>- Marca:  Edifier<br>- Modelo: K800 <br><strong><br>Especificações:<br></strong><br>- Impedância: 32Ω<br>- Nível de pressão sonora (SPL): 102dB<br>- Resposta de frequência: 20Hz ~ 20kHz<br>- Alto-falante: 40mm<br>- Comprimento do Cabo: 2 metros<br><strong>Geral:</strong><br>- Alto-falante de 40mm NdFeb, alto-desempenho.<br>- Design simples,  materiais sólidos,  acabamento requintado com excelente textura<br>- Uso  confortável<br>- Almofadas cobertas em  couro macio isolando ruído externo, confortável mesmo com longo tempo de uso<br>- Controle remoto no fio, com ajuste de volume e liga/desliga do microfone<br>- Cabo com 2 m de comprimento de  alta qualidade<br>- Plugue  P3 <br><br><br><strong>Garantia</strong><br>12 meses de garantia<br><br><strong>Peso</strong><br>320 gramas<br>
";92.90;;109.29;;;;;;;;Categories > Headsets;;Headsets/Headset_Edifier_K800_Preto/37590_1526039977_g.jpg;Headsets/Headset_Edifier_K800_Preto/37590_index_g.jpg;;;;;;;;;;;;;;;;;;;;;;;;
17;Headset Edifier K815 Branco;"</strong><br>- Marca: Edifier <br>- Modelo: K815<br><strong><br></strong><br><strong><br>Especificações:<br> </strong><br>- Resposta de frequência: 20Hz ~ 20kHz<br>- Impedância: 40Ω<br>- Tipo de conector: Direto<br>- Nível de pressão sonora: 101dB<br>- Comprimento do cabo: 2.0m<br>- Conector: 3.5 mm<br>- Inline Control<br>- Cor: Branco<br><strong><br></strong><br><strong>Conteúdo da embalagem:</strong><br>- 01 Headset Edifier <br><br><br><strong>Garantia</strong><br>12 meses de garantia<br><br><strong>Peso</strong><br>390 gramas<br>
";147.90;;174.00;;;;;;;;Categories > Headsets;;;Headsets/Headset_Edifier_K815_Branco/75101_index_g.jpg;;;;;;;;;;;;;;;;;;;;;;;;
18;Headset Fortrek Multimídia HBL101 PretoPrata  62887;"</strong><br>- Marca: Fortrek<br>- Modelo: 62887<br><strong><br>Especificações:<br></strong><br>- Resposta Frequência: 20~20000Hz<br>- Impedância: 32 Ohms<br>- Potência: 100mW<br>- Sensibilidade: 105dB até 1KHz<br>- Diâmetro Falante: 30mm<br>- Conector: 2x P2 Estéreo (3,5mm)<br>- Cor: Prata / Preto<br>- Comprimento: 1,8m<br><strong>Informações adicionais:</strong><br>- Sensibilidade do Microfone: -58dB ± 2dB <br>- Ideal Para Chamadas no Skype <br>- Trabalha com Programas Multimídia <br>- Haste Ajustável<br><strong>Conteúdo da embalagem:</strong><br>- 01 Headset Fortrek Multimídia HBL-101<br> <br> <br><br><br><strong>Garantia</strong><br>6 meses de garantia<br><br><strong>Peso</strong><br>100 gramas<br>
";10.90;;12.82;;;;;;;;Categories > Headsets;;Headsets/Headset_Fortrek_Multimídia_HBL101_PretoPrata__62887/93247_1_1507921417_g.jpg;Headsets/Headset_Fortrek_Multimídia_HBL101_PretoPrata__62887/93247_1507922592_index_g.jpg;Headsets/Headset_Fortrek_Multimídia_HBL101_PretoPrata__62887/93247_xxx_g.jpg;;;;;;;;;;;;;;;;;;;;;;;
19;Memória Corsair 8GB 2133MHz DDR4 CL15  CMV8GX4M1A2133C15;"</strong><br>Marca: Corsair Gaming<br>Modelo: CMV8GX4M1A2133C15<br> <br><strong><br>Especificações:<br></strong><br>- Configuração da memória: Dual Channel<br>- Tipo de memória: DDR4<br>- Formato da embalagem da memória: DIMM<br>- Pino da embalagem da memória: 288<br>- Tamanho da memória: 8GB Kit (1 x 8GB)<br>- Latência SPD: 15-15-15-36<br>- Velocidade SPD: 2133MHz<br>- Avaliação de velocidade: PC4-17000 (2133MHz)<br>- Latência testada: 15-15-15-36<br>- Velocidade testada: 2133MHz<br>- Voltagem testada: 1.2V<br> <br><strong>Conteúdo da embalagem:</strong><br>- 01 Memória Corsair 8GB<br> <br><br><br><strong>Garantia</strong><br>12 meses de garantia<br><br><strong>Peso</strong><br>40 gramas<br>
";399.90;525.18;470.47;;;;;;;;Categories > Memoria Ram;;Memoria_Ram/Memória_Corsair_8GB_2133MHz_DDR4_CL15__CMV8GX4M1A2133C15/75803_1459447330_g.jpg;Memoria_Ram/Memória_Corsair_8GB_2133MHz_DDR4_CL15__CMV8GX4M1A2133C15/75803_index_g.jpg;;;;;;;;;;;;;;;;;;;;;;;;
20;Memória Corsair Vengeance LPX 16GB 2x8GB 2400Mhz DDR4 CL14 Black  CMK16GX4M2A2400C14;"</strong><br>- Marca: Corsair<br>- Modelo: CMK16GX4M2A2400C14<br> <br><strong><br>Especificações:<br></strong><br>- Dissipador de calor: Vengeance LPX<br>- Configuração da memória: Dual / Quad Channel<br>- Séries da memória: Vengeance<br>- Tipo de memória: DDR4<br>- Formato: DIMM<br>- Pino: 288<br>- Perfil de desempenho: XMP 2.0<br>- Tamanho: 16GB Kit (2 x 8GB)<br>- Latência SPD: 15-15-15-36<br>- Velocidade SPD: 2133MHz<br>- Voltagem: 1.2V<br>- Avaliação de velocidade: PC4-19200 (2400MHz)<br>- Latência testada: 14-16-16-31<br>- Velocidade testada: 2400MHz<br>- Voltagem testada: 1.2V<br>- Compatibilidade: Plataforma Intel X99/100 Series<br> <br><strong>Conteúdo da Embalagem:</strong><br>- 02 Memórias Corsair <br><br><br><strong>Garantia</strong><br>12 meses de garantia<br><br><strong>Peso</strong><br>105 gramas<br>
";799.90;1141.06;941.06;;;;;;;;Categories > Memoria Ram;;Memoria_Ram/Memória_Corsair_Vengeance_LPX_16GB_2x8GB_2400Mhz_DDR4_CL14_Black__CMK16GX4M2A2400C14/81415_1_1511972734_g.jpg;Memoria_Ram/Memória_Corsair_Vengeance_LPX_16GB_2x8GB_2400Mhz_DDR4_CL14_Black__CMK16GX4M2A2400C14/81415_1511972731_index_g.jpg;Memoria_Ram/Memória_Corsair_Vengeance_LPX_16GB_2x8GB_2400Mhz_DDR4_CL14_Black__CMK16GX4M2A2400C14/81415_xxx_g.jpg;;;;;;;;;;;;;;;;;;;;;;;
21;Memória Crucial Ballistix Sport LT 4GB 2400Mhz DDR4 CL16 Red  BLS4G4D240FSE;"</strong></strong><br>- Marca: Crucial<br>- Modelo: BLS4G4D240FSE<br><strong><strong>Especificações</strong><strong>:</strong><strong> </strong></strong><br>- Capacidade: 4GB<br>- Tipo: DDR4<br>- PC4-19200<br>- 16-16-16<br>- Velocidade: 2400 MT/s<br>- Fator de Forma: UDIMM<br>- ECC: No-ECC<br>- Voltagem: 1.2V<br>- Tipo DIMM: unbuffered<br><strong>Conteúdo da embalagem:</strong><br>- 01 Memória Crucial 4GB <br><br><br><strong>Garantia</strong><br>12 meses de garantia<br><br><strong>Peso</strong><br>80 gramas<br>
";289.90;;341.06;;;;;;;;Categories > Memoria Ram;;;Memoria_Ram/Memória_Crucial_Ballistix_Sport_LT_4GB_2400Mhz_DDR4_CL16_Red__BLS4G4D240FSE/79692_index_g.jpg;;;;;;;;;;;;;;;;;;;;;;;;
22;Mesa Digitalizadora Wacom Bluetooth Pequena Intuos Criativa Pistache  CTL4100WLE0;"</strong><br>- Marca: Wacom<br>- Modelo: CTL4100WLE0<br> <br><strong><br>Especificações:<br></strong><br>- Área ativa 152,0 x 95,0 mm (6,0 x 3,7 pol)<br>- Cor Pistache<br>- Cabo: 1.5 m<br>- ExpressKeys: 4 configurações específicas de aplicativos personalizáveis<br>- Resolução: 2540 lpi<br>- Suporte sem fio <br>- Bluetooth Classic<br>- Botão de emparelhamento ON / OFF / Bluetooth<br>- Botão de reset<br>- Slot de cabo de Segurança<br>- Impulsionadores de Produtividade: Menu radial, alternância de exibição e teclado na tela disponível em todos os modelos<br>- Velocidade de leitura (caneta) 133 pps<br>- Tecnologia Método patenteado de ressonância eletromagnética<br> <br><strong>Caneta:</strong><br>- Wacom 4K<br>- Níveis de Pressão 4096<br> <br><strong>Bateria:</strong><br>- Iões de lítio integrada e não substituível<br>- Tempo de operação contínua<br>- Tempo de carregamento 15 horas no mínimo, até 3.5 horas<br> <br><strong>Software incluído:</strong><br>- Corel Painter Essentials 6 <br>- Corel AfterShot 3 <br>- CLIP STUDIO PAINT PRO<br> <br><strong>Requisitos do Sistema:</strong><br>- Windows 7 ou posterior (excluindo o Windows 10 S; último service pack / build) <br>- OS X 10.11 ou posterior (atualização mais recente)<br>- Porta USB padrão tipo A<br>- Bluetooth Classic para conexão sem fio<br>- Acesso à Internet para baixar o driver do tablet para o trabalho e selecione o software para download * <br>* O ID da Wacom e o registro do produto são necessários.<br> <br><strong>Conteúdo da Embalagem:</strong><br>- Wacom Intuos caneta digitalizadora pequena, com Bluetooth <br>- Caneta Wens sensível à pressão, 4K <br>- Cabo USB isenta de PVC com cabo arrumado e conector em forma de L <br>- 3 pontas padrão extra (localizadas dentro da caneta) <br>- Ferramenta de remoção de ponta na ponta da caneta <br>- Guia de início rápido <br>- Folha de regulamentação <br>- Guia do usuário on-line e Informações importantes sobre o produto encontradas no Wacom Desktop Center<br> <br><strong>Observações:</strong><br>* Os números de especificação, como área ativa, tamanho do tablet, são aproximados. Requisitos do sistema sujeitos a alterações. <br><br><br><strong>Garantia</strong><br>12 meses de garantia<br><br><strong>Peso</strong><br>510 gramas<br>
";615.90;819.88;724.59;;;;;;;;Categories > Mesa;;Mesa/Mesa_Digitalizadora_Wacom_Bluetooth_Pequena_Intuos_Criativa_Pistache__CTL4100WLE0/96951_1_1528116355_g.jpg;Mesa/Mesa_Digitalizadora_Wacom_Bluetooth_Pequena_Intuos_Criativa_Pistache__CTL4100WLE0/96951_1528116382_index_g.jpg;Mesa/Mesa_Digitalizadora_Wacom_Bluetooth_Pequena_Intuos_Criativa_Pistache__CTL4100WLE0/96951_2_1528116355_g.jpg;Mesa/Mesa_Digitalizadora_Wacom_Bluetooth_Pequena_Intuos_Criativa_Pistache__CTL4100WLE0/96951_3_1528116355_g.jpg;Mesa/Mesa_Digitalizadora_Wacom_Bluetooth_Pequena_Intuos_Criativa_Pistache__CTL4100WLE0/96951_4_1528116355_g.jpg;Mesa/Mesa_Digitalizadora_Wacom_Bluetooth_Pequena_Intuos_Criativa_Pistache__CTL4100WLE0/96951_5_1528116355_g.jpg;Mesa/Mesa_Digitalizadora_Wacom_Bluetooth_Pequena_Intuos_Criativa_Pistache__CTL4100WLE0/96951_6_1528116355_g.jpg;Mesa/Mesa_Digitalizadora_Wacom_Bluetooth_Pequena_Intuos_Criativa_Pistache__CTL4100WLE0/96951_xxx_g.jpg;;;;;;;;;;;;;;;;;;
23;Ventilador Arno  de Mesa  Silence Force 40cm VF40 127V Preto  VE3220B1;"</strong><br>- Marca: Arno<br>- Modelo: VF40<br> <br><strong><br>Especificações:<br></strong><br>- Voltagem: 127 V<br>- Potência: 126 W<br>- Consumo: 10,10 kWh/mês<br>- Cor: preto<br>- Quantidade de pás: 6<br>- Velocidades: 3<br>- Dimensões: 49 x 65 x 35,5 cm<br> <br><strong>Informações adicionais: </strong><br>- Inclinação ajustável<br>- Alça para transporte<br>- Porta fio<br>- Protetor térmico<br>- Fusível de segurança<br>- Grade removível<br> <br><strong>Conteudo da embalagem</strong><br>- 01 Ventilador<br>- 01 Manual de instruções<br>- 01 Certificado de garantia<br> <br><br><br><strong>Garantia</strong><br>12 meses de garantia<br><br><strong>Peso</strong><br>4010 gramas<br>
";151.90;;178.71;;;;;;;;Categories > Mesa;;Mesa/Ventilador_Arno__de_Mesa__Silence_Force_40cm_VF40_127V_Preto__VE3220B1/68458_1443812530_g.jpg;Mesa/Ventilador_Arno__de_Mesa__Silence_Force_40cm_VF40_127V_Preto__VE3220B1/68458_index_g.jpg;Mesa/Ventilador_Arno__de_Mesa__Silence_Force_40cm_VF40_127V_Preto__VE3220B1/68458_1443812533_g.jpg;;;;;;;;;;;;;;;;;;;;;;;
24;Monitor Acer LED 27 Widescreen Full HD HDMIVGADVI Som Integrado  VA270H;"</strong><br>- Marca: Acer<br>- Modelo: VA270H<br> <br><strong><br>Especificações:<br></strong><br>- Tamanho do painel: 27"" (16:9)<br>- Área ativa do display: 597 x 336 mm<br>- Bits: 6-bit + Hi-FRC<br>- Pitch de pixel: 0.311 mm<br>- Resolução: 1920x1080 @ 60 Hz<br>- Taxa de atualização: 60Hz<br>- Tipo de painel: VA<br>- Tempo de Resposta (tip.): 6ms (on/off)<br>- Contraste Adaptativo Acer: 100.000.000:1<br>- Contraste Nativo: 3.000:1<br>- Brilho: 300 cd/m²<br>- Ângulo de visão (CR ≧ 10): 178º / 178º<br>- Exibir cores: 16.7M<br>- Bit de cor: 6Bit + Hi-FRC<br>- Saturação de cores: 72% NTSC<br>- Montagem em parede VESA: 100x100mm<br>- Tipo de moldura: 3S E2E<br>- Inclinar: -5º ~ 20º<br>- Fonte de Energia: Interna 100 <br>- 240V<br><strong><br></strong><br><strong>Sinais de Entrada:</strong><br>- 1x VGA<br>- 1x HDMI<br>- 1x DVI<br> <br><strong>Consumo de Energia:</strong><br>- ENERGY STAR<br>- Off: 0.24 W<br>- Sleep: 0.43 W<br>- On: 26.6 W<br><strong><br></strong><br><strong>Conteúdo da Embalagem:</strong><br>- Monitor Acer <br><br><br><strong>Garantia</strong><br>12 meses de garantia<br><br><strong>Peso</strong><br>6015 gramas<br>
";934.90;;1099.88;;;;;;;;Categories > Monitores;;Monitores/Monitor_Acer_LED_27_Widescreen_Full_HD_HDMIVGADVI_Som_Integrado__VA270H/81020_1475248371_g.jpg;Monitores/Monitor_Acer_LED_27_Widescreen_Full_HD_HDMIVGADVI_Som_Integrado__VA270H/81020_index_g.jpg;Monitores/Monitor_Acer_LED_27_Widescreen_Full_HD_HDMIVGADVI_Som_Integrado__VA270H/81020_1475248378_g.jpg;Monitores/Monitor_Acer_LED_27_Widescreen_Full_HD_HDMIVGADVI_Som_Integrado__VA270H/81020_1475248385_g.jpg;Monitores/Monitor_Acer_LED_27_Widescreen_Full_HD_HDMIVGADVI_Som_Integrado__VA270H/81020_1475248391_g.jpg;Monitores/Monitor_Acer_LED_27_Widescreen_Full_HD_HDMIVGADVI_Som_Integrado__VA270H/81020_1475248398_g.jpg;Monitores/Monitor_Acer_LED_27_Widescreen_Full_HD_HDMIVGADVI_Som_Integrado__VA270H/81020_1520886792_g.jpg;;;;;;;;;;;;;;;;;;;
25;Monitor Gamer LG LED 34 Ultrawide Curvo Full HD HDMIDisplay Port FreeSync 144Hz 1ms Altura Ajustável  34UC79GB;"</strong><br>- Marca: LG<br>- Modelo: 34UC79G-B<br> <br><strong><br>Especificações:<br></strong><br> <br><strong>Tela:</strong><br>- Tamanho da tela: 34 "" Curvado 144Hz<br>- Tipo de painel: IPS<br>- Color Gamut (CIE 1931): NTSC 72%<br>- Profundidade de cor (Número de cores): 8bits, 16.7M<br>- Pitch de pixel: 0,312 mm x 0,312 mm<br>- Tempo de resposta: 14ms / 5ms GTG<br>- Taxa de atualização: 144Hz<br>- Proporção da tela: 21: 9<br>- Resolução: 2560 x 1080<br>- Brilho: 250 cd / m²<br>- Relação de contraste: Mega<br>- Ângulo de visão: 178º / 178º<br> <br><strong>Entradas Saídas:</strong><br>- 2x HDMI (ver2.0)<br>- 1x DisplayPort (ver1.2)<br>- 2x USB 3.0<br>- 1x USB 3.0<br>- Quick Charge<br> <br><strong>Energia:</strong><br>- Tipo: Adaptador<br>- Entrada: 100 ~ 240V, 50 / 60Hz<br>- Normal Ligado (EPA 7.0): 50W (EPA 7.0)<br> <br><strong>Modos de imagem:</strong><br>- Personalizado<br>- Leitor<br>- Foto<br>- Cinema<br>- Quarto escuro 1<br>- Quarto escuro 2<br>- Fraqueza de cor<br>- FPS Game 1<br>- FPS Game 2<br>- RTS Game<br>- Custom (Game)<br><strong><br></strong><br><strong>Recursos:</strong><br>- Taxa: Amplo, Original, Cinema 1, Cinema 2, 1: 1<br>- PIP: Na divisão de tela<br>- DDC / CI<br>- HDCP<br>- Trava de chave<br>- Motion Blur Reduction: 1ms<br>- FreeSync (DP 50 ~ 144Hz)<br>- Modo de jogo<br>- Modo DAS<br>- Estabilizador preto<br>- Flicker Safe<br>- Controle de seis eixos<br>- Economia inteligente de energia<br>- Modo Leitor (incluído no modo de imagem)<br>- Resolução Super+<br>- Cor Calibrado<br>- Controlador duplo<br>- Screen Split 2.0 (em OSC)<br>- Predefinição de exibição (em OSC)<br>- Controle OnScreen (OSC)<br>- Dual EDID (H / W)<br>- One Click Stand-up<br>- Ângulo de inclinaçao: -5º ~ 20º<br>- Altura: 120mm (alcance)<br><strong><br></strong><br><strong>Gabinete:</strong><br>- Tamanho VESA: 100 x 100 mm<br>- Suporte de cabos<br> <br><strong>Padrões:</strong><br>- UL (cUL)<br>- Tipo TUV<br>- FCC-B, CE<br>- ErP<br>- CCC (para a China)<br>- BSMI (para Taiwan)<br>- Windows<br><strong><br></strong><br><strong>Conteúdo da Embalagem:</strong><br>- 1x Monitor LG<br>- 1x Cabo de alimentação<br>- 1x HDMI<br>- 1x DisplayPort<br>- Manual do Usuário <br><br><br><strong>Garantia</strong><br>12 meses de garantia<br><br><strong>Peso</strong><br>12145 gramas<br>
";2893.90;;3404.59;;;;;;;;Categories > Monitores;;Monitores/Monitor_Gamer_LG_LED_34_Ultrawide_Curvo_Full_HD_HDMIDisplay_Port_FreeSync_144Hz_1ms_Altura_Ajustável__34UC79GB/85850_1504871855_g.jpg;Monitores/Monitor_Gamer_LG_LED_34_Ultrawide_Curvo_Full_HD_HDMIDisplay_Port_FreeSync_144Hz_1ms_Altura_Ajustável__34UC79GB/85850_index_g.jpg;Monitores/Monitor_Gamer_LG_LED_34_Ultrawide_Curvo_Full_HD_HDMIDisplay_Port_FreeSync_144Hz_1ms_Altura_Ajustável__34UC79GB/85850_1504871867_g.jpg;Monitores/Monitor_Gamer_LG_LED_34_Ultrawide_Curvo_Full_HD_HDMIDisplay_Port_FreeSync_144Hz_1ms_Altura_Ajustável__34UC79GB/85850_1504871881_g.jpg;Monitores/Monitor_Gamer_LG_LED_34_Ultrawide_Curvo_Full_HD_HDMIDisplay_Port_FreeSync_144Hz_1ms_Altura_Ajustável__34UC79GB/85850_1504871887_g.jpg;Monitores/Monitor_Gamer_LG_LED_34_Ultrawide_Curvo_Full_HD_HDMIDisplay_Port_FreeSync_144Hz_1ms_Altura_Ajustável__34UC79GB/85850_1504871892_g.jpg;Monitores/Monitor_Gamer_LG_LED_34_Ultrawide_Curvo_Full_HD_HDMIDisplay_Port_FreeSync_144Hz_1ms_Altura_Ajustável__34UC79GB/85850_1504871901_g.jpg;Monitores/Monitor_Gamer_LG_LED_34_Ultrawide_Curvo_Full_HD_HDMIDisplay_Port_FreeSync_144Hz_1ms_Altura_Ajustável__34UC79GB/85850_1504871907_g.jpg;Monitores/Monitor_Gamer_LG_LED_34_Ultrawide_Curvo_Full_HD_HDMIDisplay_Port_FreeSync_144Hz_1ms_Altura_Ajustável__34UC79GB/85850_1504871912_g.jpg;;;;;;;;;;;;;;;;;
26;Mousepad Gamer Corsair 320x270x3mm Pequeno Speed Preto MM100  CH9100020;"</strong><br>- Marca: Corsair<br>- Modelo: CH-9100020-WW<br><strong><br>Especificações:<br></strong><br>- Superfície de pano<br>- Excelentes características de deslizamento<br>- Otimizado para sensores ópticos e laser <br>- Base de borracha natural antiderrapante<br>- Tamanho: 320mm x 270mm x 3mm<br> <br><strong>Conteúdo da embalagem:</strong><br>- 01 Mousepad Gamer Corsair  <br><br><br><strong>Garantia</strong><br>12 meses de garantia<br><br><strong>Peso</strong><br>250 gramas<br>
";34.90;;41.06;;;;;;;;Categories > Mousepad;;Mousepad/Mousepad_Gamer_Corsair_320x270x3mm_Pequeno_Speed_Preto_MM100__CH9100020/92287_1504096736_g.jpg;Mousepad/Mousepad_Gamer_Corsair_320x270x3mm_Pequeno_Speed_Preto_MM100__CH9100020/92287_index_g.jpg;Mousepad/Mousepad_Gamer_Corsair_320x270x3mm_Pequeno_Speed_Preto_MM100__CH9100020/92287_1504096743_g.jpg;Mousepad/Mousepad_Gamer_Corsair_320x270x3mm_Pequeno_Speed_Preto_MM100__CH9100020/92287_1504096750_g.jpg;Mousepad/Mousepad_Gamer_Corsair_320x270x3mm_Pequeno_Speed_Preto_MM100__CH9100020/92287_1504096766_g.jpg;;;;;;;;;;;;;;;;;;;;;
27;Mousepad Gamer Corsair 930x300x3mm Extended Speed com Costura Preto e Cinza MM300  CH9000108;"</strong><br>- Marca: Corsair <br>- Modelo: CH-9000108-WW <br> <br><strong><br>Especificações:<br></strong><br>- Material: Pano<br>- Dimensões: 930 x 300 x 3 mm<br>- Otimizado para: Mouses de auto DPI<br>- Cor: Preto<br><strong><br></strong><br><strong>Conteúdo da embalagem: </strong><br>- 01 Mousepad Corsair Gaming MM300<br> <br><br><br><strong>Garantia</strong><br>12 meses de garantia<br><br><strong>Peso</strong><br>615 gramas<br>
";110.90;;130.47;;;;;;;;Categories > Mousepad;;;Mousepad/Mousepad_Gamer_Corsair_930x300x3mm_Extended_Speed_com_Costura_Preto_e_Cinza_MM300__CH9000108/75089_index_g.jpg;;;;;;;;;;;;;;;;;;;;;;;;
28;Mousepad Gamer HyperX Fury S  Tamanho Grande  HXMPFSL;"</strong><br>- Marca: HyperX<br>- Modelo: HX-MPFS-L<br> <br><strong><br>Especificações:<br></strong><br>- Material: Tecido, borracha<br>- Tamanho: 450 mm x 400 mm<br>- Espessura: 3 <br>- 4 mm<br>- Cor: Preto<br> <br><strong>Recursos:</strong><br>- Bordas com costuras perfeitas que não desfiam<br>- Superfície com trama compacta para movimento óptico preciso<br>- Borracha natural texturizada no verso para maior estabilidade<br>- Quatro tamanhos adequados para a maioria dos espaços e estilos<br>- Portáteis e duráveis<br> <br><strong>Conteudo da Embalagem:</strong><br>- Mousepad Gamer HyperX Fury S <br><br><br><strong>Garantia</strong><br>3 meses de garantia<br><br><strong>Peso</strong><br>560 gramas<br>
";99.90;;117.53;;;;;;;;Categories > Mousepad;;Mousepad/Mousepad_Gamer_HyperX_Fury_S__Tamanho_Grande__HXMPFSL/91744_1502462917_g.jpg;Mousepad/Mousepad_Gamer_HyperX_Fury_S__Tamanho_Grande__HXMPFSL/91744_index_g.jpg;Mousepad/Mousepad_Gamer_HyperX_Fury_S__Tamanho_Grande__HXMPFSL/91744_1502462923_g.jpg;;;;;;;;;;;;;;;;;;;;;;;
29;Mousepad Gamer Redragon Suzaku Extended 800 x 300 x 3 mm  P003;"</strong><br>- Marca: Redragon<br>- Modelo: P003<br><strong><br>Especificações:<br></strong><br>- A superfície é feita de tecido processado de seda.  <br>- Certifique-se de que o mouse se mova perfeitamente. <br>- O fundo é feito de borracha natural processada. <br>- Impermeável e fácil de limpar. <br>- Processo avançado multi-camada integrado. <br>- Alta flexibilidade, anti-curling e puxar. <br>- Adapta-se a diferentes tipos de superfície irregular<br>- Dimensão do produto: 800 x 300 x 3 mm <br><strong><br>Conteúdo da embalagem:</strong><br>- 01 Mousepad Gamer Redragon <br>  <br><br><br><strong>Garantia</strong><br>6 meses de garantia<br><br><strong>Peso</strong><br>480 gramas<br>
";57.90;;68.12;;;;;;;;Categories > Mousepad;;Mousepad/Mousepad_Gamer_Redragon_Suzaku_Extended_800_x_300_x_3_mm__P003/90562_1499459186_g.jpg;Mousepad/Mousepad_Gamer_Redragon_Suzaku_Extended_800_x_300_x_3_mm__P003/90562_index_g.jpg;Mousepad/Mousepad_Gamer_Redragon_Suzaku_Extended_800_x_300_x_3_mm__P003/90562_1499459198_g.jpg;Mousepad/Mousepad_Gamer_Redragon_Suzaku_Extended_800_x_300_x_3_mm__P003/90562_1499459204_g.jpg;;;;;;;;;;;;;;;;;;;;;;
30;Mouse Multilaser PS2 Standart Preto  MO030;"</strong><br> <br>- Marca: Multilaser<br> <br>- Modelo: M0030 <br> <br><strong> <br>Especificações:<br> </strong><br>- 03 botões com scroll <br>- Econômico <br>- Resolução: 800 dpi <br>- Porta: PS2<br>- Cor: Preto<br>- Leitor Óptico  <br><br><br><strong>Garantia</strong><br>12 meses de garantia<br><br><strong>Peso</strong><br>70 gramas<br>
";11.90;;14.00;;;;;;;;Categories > Mouses;;;Mouses/Mouse_Multilaser_PS2_Standart_Preto__MO030/8294_index_g.jpg;;;;;;;;;;;;;;;;;;;;;;;;
31;Mouse Óptico Fortrek 1600dpi USB Preto OM103;"</strong><br>- Marca: Fortrek<br>- Modelo: OM-103<br><strong><br>Especificações:<br></strong><br>- Botões:3 + scroll<br>- Comprimento do Cabo:150cm<br>- Conector:USB<br>- Dimensões: 9.3 x 6.4 x 3.9mm<br>- Material:plástico ABS<br>- Operação:não requer a instalação de driver para funcionamento (Plug and Play)<br>- Resolução:1000/1600 dpi (ajustável pelo botão DPI)<br>- Tensão:3V<br>- Tipo De Sensor: Óptico <br>Compatibilidade:<br>- Windows XP/Vista/Win 7<br>- Mac OS X 10.2 ou superior<br><strong>Informações adicionais:</strong><br>- Design ergonômico<br>- Clique suave<br>- Sensor de alta precisão de 1600dpi <br><br><br><strong>Garantia</strong><br>12 meses de garantia<br><br><strong>Peso</strong><br>450 gramas<br>
";16.90;;19.88;;;;;;;;Categories > Mouses;;;Mouses/Mouse_Óptico_Fortrek_1600dpi_USB_Preto_OM103/20310_index_g.jpg;;;;;;;;;;;;;;;;;;;;;;;;
32;Chromebook Samsung Connect Intel Celeron 4GB 116 LED HD Google Chrome OS  XE500C13AE1BR;"</strong><br>- Marca: Samsung<br>- Modelo: XE500C13-AE1BR<br> <br><strong><br>Especificações:<br></strong><br> <br><strong>Processador:</strong><br>- Intel Celeron N3060<br>- Velocidade: 1.60 até 2.48 GHz<br>- Cache: 2 MB L2<br> <br><strong>Chipset:</strong><br>- Integrado (Intel)<br> <br><strong>Placa Mãe:</strong><br>- Samsung<br> <br><strong>Sistema Operacional:</strong><br>- Google Chrome OS<br> <br><strong>Memória:</strong><br>- Capacidade: 4 GB<br>- Tipo: LPDDR3<br>- Velocidade: 1600 MHz<br> <br><strong>Tela:</strong><br>- Tamanho: 11.6""<br>- LED HD 16:9 antirreflexiva<br>- Resolução: HD 1366 x 768<br> <br><strong>Placa Gráfica:</strong><br>- Processador Gráfico Intel HD Graphics 400<br>- Memória: Integrada<br> <br><strong>Recursos Multimídia:</strong><br>- Áudio<br>- Alto-Falantes: 3W Estéreo (1.5W x 2)<br>- Microfone Integrado<br>- Webcam Integrada (720p HD)<br> <br><strong>Comunicação:</strong><br>- Placa de Rede Wireless: 802.11 ac 2x2<br>- Bluetooth: 4.0<br> <br><strong>Portas de Comunicação:</strong><br>- 1x USB 3.0<br>- 1x USB 2.0<br>- HDMI<br>- Saída Fone-de-Ouvido: Combo com Entrada para Microfone<br>- Entrada p/ Microfone: Combo com Saída para Fone-de-Ouvido<br>- Leitor de Cartões Multimídia: Micro SD<br> <br><strong>Digitação:</strong><br>- Teclado: Português-BR<br>- Touchpad: Clickpad, com suporte à função multi-toques<br> <br><strong>Segurança:</strong><br>- TPM: Versão 1.2<br> <br><strong>Recuperação de Sistema/ Backup de Dados:</strong><br>- Software: Softwares Inclusos<br> <br><strong>Alimentação de Energia:</strong><br>- Fonte Adaptador: 26 Watts<br>- Tensão da Fonte Adaptadora: Bivolt (100-240V)<br>- Padrão da Bateria: 2 Células (33Wh)<br> <br><strong>Físico:</strong><br>- Cor: Preto<br>- Tipo: Chromebook<br>- Dimensões: 28.9 x 20.4 x 1.79 cm<br> <br><strong>Conteúdo da Embalagem:</strong><br>- Chromebook Samsung Connect<br>- Fonte adaptadora<br>- Guia do usuário<br>- Certificado de garantia <br><br><br><strong>Garantia</strong><br>12 meses de garantia<br><br><strong>Peso</strong><br>1620 gramas<br>
";1362.47;;1602.90;;;;;;;;Categories > Notebook;;Notebook/Chromebook_Samsung_Connect_Intel_Celeron_4GB_116_LED_HD_Google_Chrome_OS__XE500C13AE1BR/97873_10_1533668156_g.jpg;Notebook/Chromebook_Samsung_Connect_Intel_Celeron_4GB_116_LED_HD_Google_Chrome_OS__XE500C13AE1BR/97873_1533668177_index_g.jpg;Notebook/Chromebook_Samsung_Connect_Intel_Celeron_4GB_116_LED_HD_Google_Chrome_OS__XE500C13AE1BR/97873_1_1533668156_g.jpg;Notebook/Chromebook_Samsung_Connect_Intel_Celeron_4GB_116_LED_HD_Google_Chrome_OS__XE500C13AE1BR/97873_2_1533668156_g.jpg;Notebook/Chromebook_Samsung_Connect_Intel_Celeron_4GB_116_LED_HD_Google_Chrome_OS__XE500C13AE1BR/97873_3_1533668156_g.jpg;Notebook/Chromebook_Samsung_Connect_Intel_Celeron_4GB_116_LED_HD_Google_Chrome_OS__XE500C13AE1BR/97873_4_1533668156_g.jpg;Notebook/Chromebook_Samsung_Connect_Intel_Celeron_4GB_116_LED_HD_Google_Chrome_OS__XE500C13AE1BR/97873_5_1533668156_g.jpg;Notebook/Chromebook_Samsung_Connect_Intel_Celeron_4GB_116_LED_HD_Google_Chrome_OS__XE500C13AE1BR/97873_6_1533668156_g.jpg;Notebook/Chromebook_Samsung_Connect_Intel_Celeron_4GB_116_LED_HD_Google_Chrome_OS__XE500C13AE1BR/97873_7_1533668156_g.jpg;Notebook/Chromebook_Samsung_Connect_Intel_Celeron_4GB_116_LED_HD_Google_Chrome_OS__XE500C13AE1BR/97873_8_1533668156_g.jpg;Notebook/Chromebook_Samsung_Connect_Intel_Celeron_4GB_116_LED_HD_Google_Chrome_OS__XE500C13AE1BR/97873_9_1533668156_g.jpg;Notebook/Chromebook_Samsung_Connect_Intel_Celeron_4GB_116_LED_HD_Google_Chrome_OS__XE500C13AE1BR/97873_xxx_g.jpg;;;;;;;;;;;;;;
33;Notebook Acer 156 Intel Core i57200U 4GB 1TB Windows 10 Preto  A5155155QD;"</strong><br>- Marca: Acer<br>- Modelo: A515-51-55QD<br> <br><strong><br>Especificações:<br></strong><br> <br><strong>Processador:</strong><br>- Intel® Core™ i5-7200U 2.5 <br>- 3.1 GHz<br>- Com função Turbo Boost 3MB Cache<br> <br><strong>Tela:</strong><br>- 15.6"" LED HD<br>- Resolução 1280 x 720<br> <br><strong>Memória:</strong><br>- 4GB (1 x 4 GB) tipo DDR4 <br>- Frequência 2133 MHz<br>- Expansível até 20 GB <br>- (2 slots no total)<br> <br><strong>Armazenamento:</strong><br>- 1 TB HD (5400 RPM)<br> <br><strong>Placa de vídeo:</strong><br>- Integrada ao processador<br><strong><br></strong><br><strong>Áudio:</strong><br>- Dois alto-falantes estéreo<br> <br><strong>Interfaces:</strong><br>- 1 porta USB 3.0 energizada<br>- 2 portas USB 2.0<br>- 1 porta USB 3.1 Tipo-C (1ª geração)<br>- 1 saída HDMI com suporte HDCP<br>- 1 leitor de cartão SD<br> <br><strong>Bateria:</strong><br>- Até 7 horas de uso<br><strong><br></strong><br><strong>Leitor de Cartão:</strong><br>- Leitor de cartão SD<br><strong><br></strong><br><strong>Webcam:</strong><br>- Webcam HD com HDR <br>- Acer Crystal Eye <br>- Resolução de 1280 x 720<br> <br><strong>Rede:</strong><br>- Wireless padrão  802.11 b/g/n/ac<br> <br><strong>Dimensões:</strong><br>- 381.6 x 263 x 21.6 mm<br> <br><strong>Conteúdo da embalagem:</strong><br>- Notebook Acer  <br><br><br><strong>Garantia</strong><br>12 meses de garantia<br><br><strong>Peso</strong><br>2995 gramas<br>
";2399.90;;2823.41;;;;;;;;Categories > Notebook;;Notebook/Notebook_Acer_156_Intel_Core_i57200U_4GB_1TB_Windows_10_Preto__A5155155QD/94696_1_1517400273_g.jpg;Notebook/Notebook_Acer_156_Intel_Core_i57200U_4GB_1TB_Windows_10_Preto__A5155155QD/94696_1517400305_index_g.jpg;Notebook/Notebook_Acer_156_Intel_Core_i57200U_4GB_1TB_Windows_10_Preto__A5155155QD/94696_2_1517400273_g.jpg;Notebook/Notebook_Acer_156_Intel_Core_i57200U_4GB_1TB_Windows_10_Preto__A5155155QD/94696_3_1517400273_g.jpg;Notebook/Notebook_Acer_156_Intel_Core_i57200U_4GB_1TB_Windows_10_Preto__A5155155QD/94696_4_1517400273_g.jpg;Notebook/Notebook_Acer_156_Intel_Core_i57200U_4GB_1TB_Windows_10_Preto__A5155155QD/94696_5_1517400273_g.jpg;Notebook/Notebook_Acer_156_Intel_Core_i57200U_4GB_1TB_Windows_10_Preto__A5155155QD/94696_6_1517400273_g.jpg;Notebook/Notebook_Acer_156_Intel_Core_i57200U_4GB_1TB_Windows_10_Preto__A5155155QD/94696_index_g.jpg;Notebook/Notebook_Acer_156_Intel_Core_i57200U_4GB_1TB_Windows_10_Preto__A5155155QD/94696_xxx_g.jpg;;;;;;;;;;;;;;;;;
34;Notebook VAIO C14 Intel Core I76200U 8GB1TB Windows 10 Home 14 3340343 VJC141F11XB0311L ;"</strong><br>- Marca: VAIO<br>- Modelo: VJC141F11X-B0311L <br> <br><strong><br>Especificações:<br></strong><br> <br><strong>Processador:</strong><br>- Intel Core i7-6200U (2.50 GHz, 3 MB Cache, Dual-Core) com Intel Turbo Boost até 3.10 GHz<br> <br><strong>Sistema Operacional:</strong><br>- Windows 10 Home<br> <br><strong>Memória:</strong><br>- RAM: 8GB<br>- Slots de memória: 1x SO-DIMM DDR3L Single Channel (com suporte até 8 GB)<br> <br><strong>Disco Rígido:</strong><br>- 1 TB, SATA, 7mm, 5400 RPM<br>- 1 GB = 1 bilhão de bytes e 1 TB = 1 trilhão de bytes. A capacidade real após a formatação é menor<br> <br><strong>Leitor de cartão:</strong><br>- SD / MMC <br> <br><strong>WebCam:</strong><br>- Câmera Frontal HD 720P<br> <br><strong>Tela:</strong><br>- LCD 14’’<br>- Widescreen<br>- Antirreflexiva com Resolução nativa de 1366 x 768 de alta definição (HD)<br>- Retroiluminada por LED<br> <br><strong>Vídeo:</strong><br>- Processamento de vídeo integrado Intel® HD Graphics 520<br>- Aceleração gráfica integrada de vídeos em alta definição (HD) e suporte Microsoft® DirectX® 12 e OpenGL 4.4<br> <br><strong>Áudio:</strong><br>- Áudio de alta definição (HD Áudio), 2 Microfones e 2 Alto-falantes estéreo com alto alcance dinâmico<br> <br><strong>Conectividade:</strong><br>- Rede sem fio Intel® Dual Band Wireless-AC 3165 IEEE 802.11 abgn, 802.11 ac / 1x RJ45 Fast Ethernet 10/100/1000 e Bluetooth 4.2 <br> <br><strong>Portas de conexão:</strong><br>- 2x USB 3.0<br>- 1x USB 2.0<br>- 1x HDMI<br>- 1x RJ-45<br>- 1x Áudio de 3,5 mm (para microfone e fone de ouvido)<br>- 1x DC-in (entrada carregador de energia)<br> <br><strong>Teclado:</strong><br>- Português-Brasil, 88 teclas<br> <br><strong>Mouse:</strong><br>- Tipo Touchpad com controle preciso do cursor<br>- Com toque múltiplo<br>- 2 botões integrados<br> <br><strong>Carregador:</strong><br>- 100~240V Automático, 65W<br> <br><strong>Bateria:</strong><br>- Bateria interna de Polímero de Lítio de 4200 mAh<br> <br><strong>Cor:</strong><br>- Azul e prata<br><strong><br></strong><br><strong>Dimensões:</strong><br>- 342 x 240 x 19,9 mm<br><strong><br></strong><br><strong>Conteúdo da embalagem:</strong><br>- Notebook<br>- Adaptador CA com cabo padrão Inmetro (carregador)<br>- Cartão Postal <br>- Guia Rápido de Instalação  <br><br><br><strong>Garantia</strong><br>12 meses de garantia<br><br><strong>Peso</strong><br>2375 gramas<br>
";3219.90;;3788.12;;;;;;;;Categories > Notebook;;Notebook/Notebook_VAIO_C14_Intel_Core_I76200U_8GB1TB_Windows_10_Home_14_3340343_VJC141F11XB0311L_/94524_1_1516641484_g.jpg;Notebook/Notebook_VAIO_C14_Intel_Core_I76200U_8GB1TB_Windows_10_Home_14_3340343_VJC141F11XB0311L_/94524_1516641501_index_g.jpg;Notebook/Notebook_VAIO_C14_Intel_Core_I76200U_8GB1TB_Windows_10_Home_14_3340343_VJC141F11XB0311L_/94524_2_1516641484_g.jpg;Notebook/Notebook_VAIO_C14_Intel_Core_I76200U_8GB1TB_Windows_10_Home_14_3340343_VJC141F11XB0311L_/94524_3_1516641484_g.jpg;Notebook/Notebook_VAIO_C14_Intel_Core_I76200U_8GB1TB_Windows_10_Home_14_3340343_VJC141F11XB0311L_/94524_4_1516641484_g.jpg;Notebook/Notebook_VAIO_C14_Intel_Core_I76200U_8GB1TB_Windows_10_Home_14_3340343_VJC141F11XB0311L_/94524_xxx_g.jpg;;;;;;;;;;;;;;;;;;;;
35;Notebook VAIO FIT 15S Intel Core i36006U 4GB com SSD de 128GB 156 Windows 10 Home 3340320 VJF154F11XB0811B ;"</strong><br>- Marca: VAIO<br>- Modelo: VJF154F11X-B0811B <br> <br><strong><br>Especificações:<br></strong><br> <br><strong>Processador:</strong><br>- Intel CoreTM i3-6006U (2.00 GHz, 3 MB Cache, Dual Core)<br> <br><strong>Sistema Operacional:</strong><br>- Windows 10 Home<br> <br><strong>Memória:</strong><br>- RAM: 4GB<br>- Slots de memória: 2x SO-DIMM DDR3L (com suporte até 16 GB) <br> <br><strong>Armazenamento:</strong><br>- SSD / 128 GB / SATA<br> <br><strong>Leitor de cartões:</strong><br>- SD / SDHC / SDXC / MMC<br> <br><strong>Webcam:</strong><br>- Frontal HD (1280x720P) <br> <br><strong>Tela:</strong><br>- LCD 15.6’’<br>- Widescreen<br>- Antireflexiva<br>- Resolução 1920 x 1080 Full HD, com tecnologia LED<br> <br><strong>Vídeo:</strong><br>- Processamento de vídeo integrado Intel® HD Graphics 520<br>- Suporte Microsoft® DirectX® 12 e OpenGL 4.4 <br> <br><strong>Áudio:</strong><br>- Microfone e alto-falantes estéreo embutidos<br> <br><strong>Conectividade:</strong><br>- Rede sem fio Intel® Dual Band Wireless-AC 3165 IEEE 802.11 abgn, 802.11 ac / 1x LAN 10/100/1000 e Bluetooth 4.2 <br> <br><strong>Portas de conexão:</strong><br>- 2x USB 3.0<br>- 2x USB 2.0<br>- 1x HDMI<br>- 1x Áudio para microfone<br>- 1x Áudio para fone de ouvido<br>- 1x DC-in (carregador)<br>- 1x VGA <br><strong><br></strong><br><strong>Teclado:</strong><br>- Português-Brasil, 107 teclas, Retroiluminado<br> <br><strong>Mouse:</strong><br>- Tipo Touchpad, 2 botões <br> <br><strong>Carregador:</strong><br>- 19 V / 2.1 A, 40W<br> <br><strong>Bateria:</strong><br>- Li-ion / 4 células / 32 Wh (removível) <br> <br><strong>Cor:</strong><br>- Chumbo escuro<br> <br><strong>Conteúdo da embalagem:</strong><br>- Notebook<br>- Adaptador CA com cabo padrão Inmetro (carregador)<br>- Cartão Postal <br>- Guia Rápido de Instalação <br><br><br><strong>Garantia</strong><br>12 meses de garantia<br><br><strong>Peso</strong><br>2645 gramas<br>
";2149.90;;2529.29;;;;;;;;Categories > Notebook;;Notebook/Notebook_VAIO_FIT_15S_Intel_Core_i36006U_4GB_com_SSD_de_128GB_156_Windows_10_Home_3340320_VJF154F11XB0811B_/96238_1_1524060329_g.jpg;Notebook/Notebook_VAIO_FIT_15S_Intel_Core_i36006U_4GB_com_SSD_de_128GB_156_Windows_10_Home_3340320_VJF154F11XB0811B_/96238_1524060375_index_g.jpg;Notebook/Notebook_VAIO_FIT_15S_Intel_Core_i36006U_4GB_com_SSD_de_128GB_156_Windows_10_Home_3340320_VJF154F11XB0811B_/96238_2_1524060329_g.jpg;Notebook/Notebook_VAIO_FIT_15S_Intel_Core_i36006U_4GB_com_SSD_de_128GB_156_Windows_10_Home_3340320_VJF154F11XB0811B_/96238_3_1524060329_g.jpg;Notebook/Notebook_VAIO_FIT_15S_Intel_Core_i36006U_4GB_com_SSD_de_128GB_156_Windows_10_Home_3340320_VJF154F11XB0811B_/96238_4_1524060329_g.jpg;Notebook/Notebook_VAIO_FIT_15S_Intel_Core_i36006U_4GB_com_SSD_de_128GB_156_Windows_10_Home_3340320_VJF154F11XB0811B_/96238_5_1524060329_g.jpg;Notebook/Notebook_VAIO_FIT_15S_Intel_Core_i36006U_4GB_com_SSD_de_128GB_156_Windows_10_Home_3340320_VJF154F11XB0811B_/96238_xxx_g.jpg;;;;;;;;;;;;;;;;;;;
36;Pen Drive Cruzer Blade Sandisk USB 20 16GB SDCZ50016GB35;"<br></strong>- Pen Drive Cruzer Blade™<br>- Marca: SanDisk<br>- Modelo: SDCZ50-016G<br><strong><br>Especificações:<br></strong><strong> </strong><br>- Leva teus arquivos a todas partes<br>- Capacidade: 16Gb<br>- Guarda fotos, música, vídeos...<br>- Design elegante<br>- Pequeno e muito ligeiro   <br><br><br><strong>Garantia</strong><br>12 meses de garantia<br><br><strong>Peso</strong><br>10 gramas<br>
";37.90;;44.59;;;;;;;;Categories > Pen Drive;;Pen_Drive/Pen_Drive_Cruzer_Blade_Sandisk_USB_20_16GB_SDCZ50016GB35/8971_1506100692_g.jpg;Pen_Drive/Pen_Drive_Cruzer_Blade_Sandisk_USB_20_16GB_SDCZ50016GB35/8971_index_g.jpg;Pen_Drive/Pen_Drive_Cruzer_Blade_Sandisk_USB_20_16GB_SDCZ50016GB35/8971_1506100700_g.jpg;Pen_Drive/Pen_Drive_Cruzer_Blade_Sandisk_USB_20_16GB_SDCZ50016GB35/8971_1506100709_g.jpg;;;;;;;;;;;;;;;;;;;;;;
37;Pen Drive Kingston DataTraveler USB 30 16GB  DTIG416GB  BrancoAzul;"</strong><br> <br>- Marca: Kingston<br> <br>- Modelo: DTIG4 <br> <br><strong> <br>Especificações:<br> </strong><br>- Capacidade: 16GB<br>- Dimensões 55 x 21 x 10,1 mm <br>- Temperatura de Operação 0°C a 60°C <br>- Temperatura de Armazenamento -20°C a 85°C <br><strong>Informações adicionais:</strong><br>- Conformidade: Com as especificações USB 3.0 <br>- Compatibilidade dupla: USB 3.0, compatível com a versão anterior USB 2.0<br>- Prático: Tampa protege o plugue USB <br>- Programa Co-Logo disponível: Customize unidades Flash USB DataTraveler da Kingston adicionando seu logotipo e/ou arquivos digitais para aumentar o reconhecimento da sua marca. O Programa de Personalização da Kingston oferece embalagens individuais, perfis personalizados, ajustes de cores, carregamento de conteúdo e muito mais <br>- tudo fácil e conveniente. <br><strong>Conteúdo da embalagem:</strong><br>- 01 Pen Drive Kingston USB 3.0 16GB <br><br><br><strong>Garantia</strong><br>12 meses de garantia<br><br><strong>Peso</strong><br>20 gramas<br>
";30.90;;36.35;;;;;;;;Categories > Pen Drive;;Pen_Drive/Pen_Drive_Kingston_DataTraveler_USB_30_16GB__DTIG416GB__BrancoAzul/73276_1454091913_g.jpg;Pen_Drive/Pen_Drive_Kingston_DataTraveler_USB_30_16GB__DTIG416GB__BrancoAzul/73276_index_g.jpg;Pen_Drive/Pen_Drive_Kingston_DataTraveler_USB_30_16GB__DTIG416GB__BrancoAzul/73276_1454091919_g.jpg;Pen_Drive/Pen_Drive_Kingston_DataTraveler_USB_30_16GB__DTIG416GB__BrancoAzul/73276_1454091925_g.jpg;Pen_Drive/Pen_Drive_Kingston_DataTraveler_USB_30_16GB__DTIG416GB__BrancoAzul/73276_1454091932_g.jpg;;;;;;;;;;;;;;;;;;;;;
38;Pen Drive Multilaser Twist USB 20 16GB Preto e Prata  PD588;"</strong><br>- Marca: Multilaser <br>- Modelo: PD588<br><strong><br>Especificações:<br></strong><br>- Capacidade: 16GB<br>- Fonte de energia: DC 5V <br>- via porta USB <br>- Taxa de transferência: 48 MB/s, leitura até 10 MB/s e gravação até 3 MB/s<br>- Temperatura ambiente: 0º ~ 45º C<br>- Interface USB 2.0 de alta velocidade <br>- Sistemas operacionais: Windows 98, 2000, ME, XP e Vista/ MacOS 9.0 ou superiores/ Linux 2.4 ou superiores <br>- Cor: Preto/Prata   <br><br><br><strong>Garantia</strong><br>12 meses de garantia<br><br><strong>Peso</strong><br>20 gramas<br>
";21.90;32.82;25.76;;;;;;;;Categories > Pen Drive;;;Pen_Drive/Pen_Drive_Multilaser_Twist_USB_20_16GB_Preto_e_Prata__PD588/57215_index_g.jpg;;;;;;;;;;;;;;;;;;;;;;;;
39;Pen Drive Ultra Flair SanDisk 30 32GB até 15X mais rápido  SDCZ73032GG46;"<br></strong>- Pen Drive SanDisk Ultra Flair™ 3.0<br>- Marca: Sandisk<br>- Modelo: SDCZ73-032G-G46<br> <br><strong><br>Especificações:<br></strong><br>- Armazenamento: 32 GB<br>- Leia Velocidade: até 150 MB / s 1<br>- Geração: USB 3.0<br>- Dimensões: 13.21 x 42.42 x 6,60 mm<br>- Temperatura de operação: 32 ° <br>- 113 ° F (0 ° <br>- 45 ° C)<br>- Temperatura de armazenamento: 0 ° <br>- 158 ° F (-10 ° <br>- 70 ° C)<br>- Compatibilidade: USB 3.0 (compatível com USB 2.0)<br> <br><strong>Conteúdo da embalagem:<br></strong><br>- 01 Pen Drive SanDisk USB Ultra Flair 32GB  <br><br><br><strong>Garantia</strong><br>12 meses de garantia<br><br><strong>Peso</strong><br>20 gramas<br>
";69.90;;82.24;;;;;;;;Categories > Pen Drive;;Pen_Drive/Pen_Drive_Ultra_Flair_SanDisk_30_32GB_até_15X_mais_rápido__SDCZ73032GG46/70549_1448275316_g.jpg;Pen_Drive/Pen_Drive_Ultra_Flair_SanDisk_30_32GB_até_15X_mais_rápido__SDCZ73032GG46/70549_index_g.jpg;;;;;;;;;;;;;;;;;;;;;;;;
40;Placa de Vídeo VGA EVGA NVIDIA GeForce GTX 1060 6GB GDDR5 PCIE 30  06GP46161KR;"</strong><br>- Marca: EVGA<br>- Modelo: 06G-P4-6161-KR<br> <br><strong><br>Especificações:<br></strong><br> <br><strong>Performance:</strong><br>- NVIDIA GTX 1060 6GB<br>- Pipelines: 1280 pixel<br>- Base do Clock: 1506 MHz<br>- Impulso do Clock: 1708 MHz<br>- Taxa de Textura: 120.4GT/s<br> <br><strong>Memória:</strong><br>- Capacidade: 6144 MB<br>- Interface: 192 bit<br>- Tipo: GDDR5<br>- Velocidade: 0.28 ns<br>- Clock: 8008 MHz (efetivos)<br>- Largura da banda: 192 GB/s<br> <br><strong>Refrigeração:</strong><br>- ACX 2.0 Fan Individual<br> <br><strong>Interface:</strong><br>- PCI-E 3.0 16x<br> <br><strong>Conexões:</strong><br>- 1x DVI-D<br>- 3x DisplayPort<br>- 1x HDMI<br><strong><br></strong><br><strong>Resoluções e Atualização:</strong><br>- Monitores máximo suportado: 4<br>- Taxa de Refresh: 240Hz Max<br>- Max Digital: 7680 x 4320<br><strong><br></strong><br><strong>Suporte do Sistema Operacional:</strong><br>- Windows 10 32 / 64bit<br>- Windows 8 32 / 64bit<br>- Windows 7 32 / 64bit<br> <br><strong>Requisitos:</strong><br>- Fonte de alimentação de 400 Watt. (mínimo)<br>- Conector disponível de 6 pinos para PCI-E<br>- Consumo total de Potência: 120 Watts<br> <br><strong>Recursos:</strong><br>- NVIDIA Tecnologia GameStream<br>- NVIDIA G-SYNC Ready<br>- OpenGL 4.5<br>- Simultaneous Multi-Projeção<br>- VR Ready<br>- NVIDIA Ansel<br>- NVIDIA GPU Boost 3.0<br>- Microsoft DirectX 12<br>- API Vulkan<br>- PCI Express 3.0<br>- Construído para EVGA Precision XOC<br> <br><strong>Conteúdo da Embalagem:</strong><br>- Placa de Vídeo VGA EVGA<br>- Cabo de Alimentação<br>- Driver de Instalação<br>- Manual do Usuário <br><br><br><strong>Garantia</strong><br>12 meses de garantia<br><br><strong>Peso</strong><br>890 gramas<br>
";1559.90;;1835.18;;;;;;;;Categories > Placa De Video;;Placa_de_Video/Placa_de_Vídeo_VGA_EVGA_NVIDIA_GeForce_GTX_1060_6GB_GDDR5_PCIE_30__06GP46161KR/82186_1477911887_g.jpg;Placa_de_Video/Placa_de_Vídeo_VGA_EVGA_NVIDIA_GeForce_GTX_1060_6GB_GDDR5_PCIE_30__06GP46161KR/82186_index_g.jpg;Placa_de_Video/Placa_de_Vídeo_VGA_EVGA_NVIDIA_GeForce_GTX_1060_6GB_GDDR5_PCIE_30__06GP46161KR/82186_1477911893_g.jpg;Placa_de_Video/Placa_de_Vídeo_VGA_EVGA_NVIDIA_GeForce_GTX_1060_6GB_GDDR5_PCIE_30__06GP46161KR/82186_1477911910_g.jpg;Placa_de_Video/Placa_de_Vídeo_VGA_EVGA_NVIDIA_GeForce_GTX_1060_6GB_GDDR5_PCIE_30__06GP46161KR/82186_1477911918_g.jpg;Placa_de_Video/Placa_de_Vídeo_VGA_EVGA_NVIDIA_GeForce_GTX_1060_6GB_GDDR5_PCIE_30__06GP46161KR/82186_1477911935_g.jpg;;;;;;;;;;;;;;;;;;;;
41;Placa de Vídeo VGA PCYes NVIDIA GeForce GT S450 2GB GDDR5 128 Bits  PPV450GS12802G5;"</strong><br>- Marca: PCYes<br>- Modelo: PPV450GS12802G5<br><strong><br>Especificações:<br></strong><br><strong>Interface: </strong><br>- PCI Express 2.0<br><strong><br>GPU:</strong><br>- Chipset: GTS 450 <br>- Velocidade do núcleo: 783 MHz <br><strong><br>Memória: </strong><br>- Tamanho: 2048 MB <br>- Tipo de memória: GDDR5 <br>- Clock de memória: 850 MHz <br>- Interface de memória: 128 bit<br><strong>Saídas de vídeo: </strong><br>- VGA <br>- DVI-I <br>- HDMI <br> <br><strong>Conteúdo da embalagem:</strong><br>- 01 Placa de Vídeo VGA NVIDIA PCYES GT S450<br>- 01 Driver <br>- 01 Guia do usuário <br><br><br><strong>Garantia</strong><br>12 meses de garantia<br><br><strong>Peso</strong><br>665 gramas<br>
";345.90;;406.94;;;;;;;;Categories > Placa De Video;;Placa_de_Video/Placa_de_Vídeo_VGA_PCYes_NVIDIA_GeForce_GT_S450_2GB_GDDR5_128_Bits__PPV450GS12802G5/94335_1_1516020413_g.jpg;Placa_de_Video/Placa_de_Vídeo_VGA_PCYes_NVIDIA_GeForce_GT_S450_2GB_GDDR5_128_Bits__PPV450GS12802G5/94335_1516021342_index_g.jpg;Placa_de_Video/Placa_de_Vídeo_VGA_PCYes_NVIDIA_GeForce_GT_S450_2GB_GDDR5_128_Bits__PPV450GS12802G5/94335_2_1516020413_g.jpg;Placa_de_Video/Placa_de_Vídeo_VGA_PCYes_NVIDIA_GeForce_GT_S450_2GB_GDDR5_128_Bits__PPV450GS12802G5/94335_3_1516020413_g.jpg;Placa_de_Video/Placa_de_Vídeo_VGA_PCYes_NVIDIA_GeForce_GT_S450_2GB_GDDR5_128_Bits__PPV450GS12802G5/94335_4_1516020413_g.jpg;Placa_de_Video/Placa_de_Vídeo_VGA_PCYes_NVIDIA_GeForce_GT_S450_2GB_GDDR5_128_Bits__PPV450GS12802G5/94335_xxx_g.jpg;;;;;;;;;;;;;;;;;;;;
42;Processador AMD FX 8300 Octa Core Black Edition Cache 16MB 33GHz 42GHz Max Turbo AM3 FD8300WMHKBOX;"</strong><br>- Marca: AMD<br>- Modelo: FD8300WMHKBOX<br> <br><strong><br>Especificações:<br></strong><br>- Séries: FX-Series<br>- Socket: Socket AM3+<br>- Core: Vishera<br>- Núcleos: 8-core<br>- Nº de Threads: 8<br>- Frequência de Operação: 3.3 GHz<br>- Frequência de Operação: 4.2 GHz (Max Turbo)<br>- L2 Cache: 8MB<br>- L3 Cache: 8MB<br>- Processo de fabricação: 32nm <br>- Modo de operação 64 Bit<br>- Potência: 95 W<br> <br><strong>Recursos:</strong><br>- Suporte a AES<br>- AMD Virtualização<br>- Temperatura Máxima: 70.50º C<br><strong><br></strong><br><strong>Conteúdo da Embalagem:<br></strong><br>- 01 Processador AMD<br>- 01 Cooler <br><br><br><strong>Garantia</strong><br>12 meses de garantia<br><br><strong>Peso</strong><br>320 gramas<br>
";330.46;;388.78;;;;;;;;Categories > Processador;;Processador/Processador_AMD_FX_8300_Octa_Core_Black_Edition_Cache_16MB_33GHz_42GHz_Max_Turbo_AM3_FD8300WMHKBOX/82070_1479380614_g.jpg;Processador/Processador_AMD_FX_8300_Octa_Core_Black_Edition_Cache_16MB_33GHz_42GHz_Max_Turbo_AM3_FD8300WMHKBOX/82070_index_g.jpg;Processador/Processador_AMD_FX_8300_Octa_Core_Black_Edition_Cache_16MB_33GHz_42GHz_Max_Turbo_AM3_FD8300WMHKBOX/82070_1479380638_g.jpg;Processador/Processador_AMD_FX_8300_Octa_Core_Black_Edition_Cache_16MB_33GHz_42GHz_Max_Turbo_AM3_FD8300WMHKBOX/82070_1479380647_g.jpg;;;;;;;;;;;;;;;;;;;;;;
43;Processador AMD Ryzen 5 1600X Six Core Cache 19MB 36GHz Max Turbo 40Ghz AM4  YD160XBCAEWOF;"</strong><br>- Marca: AMD <br>- Modelo: YD160XBCAEWOF<br><strong><br></strong><br><strong><br>Especificações:<br> </strong><br>- Séries: Ryzen 5<br>- Processo de fabricação: 14nm<br>- Socket: Socket AM4<br>- Núcleos: 6 core<br>- Threads: 12<br>- Frequência de Operação: 3.6Ghz (Max Turbo 4.0Ghz)<br>- Cache L3: 16MB<br>- Cache L2: 3MB<br>- Modo de Operação: 64 Bits<br>- Potência: 95 W<br> <br><strong>Conteúdo da Embalagem: </strong><br>- 01 Processador AMD<br><strong><br></strong><br><strong>Observação:</strong><br>* As linhas de processadores Ryzen 3, 5 e 7 não possuem vídeo integrado, necessário ter uma placa de vídeo off-board.<br>* Não acompanha cooler <br><br><br><strong>Garantia</strong><br>12 meses de garantia<br><br><strong>Peso</strong><br>140 gramas<br>
";799.90;;941.06;;;;;;;;Categories > Processador;;Processador/Processador_AMD_Ryzen_5_1600X_Six_Core_Cache_19MB_36GHz_Max_Turbo_40Ghz_AM4__YD160XBCAEWOF/87401_1489772872_g.jpg;Processador/Processador_AMD_Ryzen_5_1600X_Six_Core_Cache_19MB_36GHz_Max_Turbo_40Ghz_AM4__YD160XBCAEWOF/87401_index_g.jpg;;;;;;;;;;;;;;;;;;;;;;;;
44;Smartphone LG K10 NOVO M250DS Octa Core Android 70 Tela 53 32GB 13MP 4G Dual Chip Desbloqueado  Titânio;"</strong><br>- Marca: LG<br>- Modelo: K10 NOVO M250DS<br> <br><strong><br>Especificações:<br></strong><br> <br><strong>Sistema:</strong><br>- Sistema Operacional: Android 7.0 (Nougat)<br> <br><strong>Processador:</strong><br>- Octacore <br>- Mediatek MT6750<br>- Velocidade: 1.5 Ghz<br> <br><strong>Memória:</strong><br>- RAM: 2 GB <br>- ROM: 32GB <br>- Cartão de memória compatível: Micro SD <br> <br><strong>Tela:</strong><br>- Tamanho: 5.3''<br>- Resolução: HD (1280 x 720)<br> <br><strong>Bateria:</strong><br>- Capacidade: 2.700 mAh (nominal)<br>- Removível<br> <br><strong>Opção de Chip:</strong><br>- Slot: 2 <br>- Formato do chip: Nano-SIM <br>- Tipo do Chip: 4FF<br>- Formato do aparelho: Barra Toushscreen <br>- Tipo do teclado Virtual <br> <br><strong>Conectividade e Rede:</strong><br>- Download: 42.2 Mbps (HSDPA+) <br>- Upload: 5.76 Mbps (HSUPA) <br>- EDGE: Downlink e Uplink <br>- GPRS: Downlink e Uplink <br>- Terminal 2G: 850/900/1800/1900<br>- Terminal 3G: 850/900/1900/2100 <br>- Terminal 4G: 700/1800/2600 <br>- Categoria 4G: Cat 6 (150/300) <br> <br><strong>Imagem, Áudio e Vídeo:</strong><br>- Imagem: ""BMP, WBMP, GIF, JPEG, PNG, WebP, JPS, MPO"" <br> <br><strong>Áudio:</strong><br>- Audio Codec : AMR, PCM, Vorbis, FLAC, ALAC, MP3, AAC, AAC+, eAAC+, WMA, MIDI, OPUS<br> <br><strong>Vídeo:</strong><br>- Container:  amr, wav, mp3, aac, ogg, m4a, 3ga, wma, flac, mid, smf, xmf, mmf, aiff, mpg , mpeg, mp4, m4v, 3gp, f4v, flv , avi, mkv, ts, m2ts, asf, ogm, ogv, webm<br>- Video Codec: H.263, MPEG4, H.264, HEVC, VP8, VP9, Xvid, THEORA, MJPEG<br> <br><strong>Câmera Principal:</strong><br>- Resolução:13MP<br>- Foco: Automático<br>- Enquadramento da foto<br>- HDR: (CAMERA PRINCIPAL)<br>- Temporizador<br>- Cheese shot<br>- Flash: LED<br>- Modo: Automático<br> <br><strong>Câmera Frontal:</strong><br>- Resolução: 5MP Grande Angular<br>- Foco: Automático<br>- Cheese Shot<br>- Temporizador<br>- Foto espelhada<br>- Modo: Automático<br>- Flash: Virtual Flash<br>- Resolução filmadora principal: 720P (HD)<br>- Foco<br>- Temporizador<br>- Modo de gravação: Automático<br>- Flash: LED<br>- Resolução filmadora frontal: 720P (HD)<br>- Modo de gravação: Automático<br> <br><strong>Idiomas Suportados:</strong><br>- Inglês<br>- Francês<br>- Alemão<br>- Italiano<br>- Coreano<br>- Norueguês<br>- Polonês<br>- Português<br>- Espanhol<br>- Sueco<br>- Japonês<br> <br><strong>Recursos:</strong><br>- SMS<br>- MMS<br>- Navegador: HTML 5.X <br>- Bluetooth: 4.1<br>- Conexão: USB<br>- Wi-fi: 802.11 b/g/n<br>- Função: Modem<br>- Alarme<br>- Calculadora<br>- Cronômetro<br>- Calendário<br>- Horário Mundial<br>- Visualização: (Word, Excel, PPT, PDF)<br>- E-mail:(POP3/IMAP4/SMTP/Exchange)<br>- A-GPS<br>- Viva voz<br>- Chamada em espera<br>- Discagem rápida<br>- Registro de chamadas<br>- Chamada:por comando de voz<br>- Alerta: Vibratório<br>- Gravador de voz<br>- USB:OTG<br> <br><strong>Conteúdo da Embalagem:</strong><br>- 01 Smartphone LG<br>- 01 Bateria<br>- 01 Carregador de Viagem<br>- 01 Manual<br>- 01 Fone de Ouvido  <br><br><br><strong>Garantia</strong><br>12 meses de garantia<br><br><strong>Peso</strong><br>250 gramas<br>
";649.90;;764.59;;;;;;;;Categories > Smartphone;;Smartphone/Smartphone_LG_K10_NOVO_M250DS_Octa_Core_Android_70_Tela_53_32GB_13MP_4G_Dual_Chip_Desbloqueado__Titânio/86726_1489496179_g.jpg;Smartphone/Smartphone_LG_K10_NOVO_M250DS_Octa_Core_Android_70_Tela_53_32GB_13MP_4G_Dual_Chip_Desbloqueado__Titânio/86726_index_g.jpg;Smartphone/Smartphone_LG_K10_NOVO_M250DS_Octa_Core_Android_70_Tela_53_32GB_13MP_4G_Dual_Chip_Desbloqueado__Titânio/86726_1489496185_g.jpg;Smartphone/Smartphone_LG_K10_NOVO_M250DS_Octa_Core_Android_70_Tela_53_32GB_13MP_4G_Dual_Chip_Desbloqueado__Titânio/86726_1489496190_g.jpg;Smartphone/Smartphone_LG_K10_NOVO_M250DS_Octa_Core_Android_70_Tela_53_32GB_13MP_4G_Dual_Chip_Desbloqueado__Titânio/86726_1489496195_g.jpg;Smartphone/Smartphone_LG_K10_NOVO_M250DS_Octa_Core_Android_70_Tela_53_32GB_13MP_4G_Dual_Chip_Desbloqueado__Titânio/86726_1489496200_g.jpg;Smartphone/Smartphone_LG_K10_NOVO_M250DS_Octa_Core_Android_70_Tela_53_32GB_13MP_4G_Dual_Chip_Desbloqueado__Titânio/86726_1489496205_g.jpg;;;;;;;;;;;;;;;;;;;
45;Smartphone Samsung Galaxy J6 SMJ600GT Octa Core Android 80Tela 56 32GB 13MP TV Digital HD Dual Chip Desbl  Prata ;"</strong><br>- Marca: Samsung<br>- Modelo: Galaxy J6 SM<br> <br><strong><br>Especificações:<br></strong><br> <br><strong>Sistema Operacional:</strong><br>- Sistema Operacional + Versão: Android 8.0 <br>- Plataforma: 32 bits <br>- Loja de Aplicativos: Play Store / Galaxy Apps<br> <br><strong>Display:</strong><br>- Tecnologia: Super AMOLED <br>- Tamanho do Display: 5.6"" <br>- Número de Pixels: 1480 x 720 (HD+) <br>- Quantidade de Cores: 16 M <br>- Vidro Reforçado<br> <br><strong>Memória:</strong><br>- Memória Interna total compartilhada: 32GB* <br>- Suporte a Cartão de Memória <br>- Tipo Cartão de Memória Suportado: Micro SD <br>- Capacidade do Cartão de Memória: até 256GB <br>- Memória RAM: 2GB <br> <br><strong>Câmera traseira:</strong><br>- Resolução: 13MP F1.9 <br>- Zoom: Zoom Digital até 4x <br>- Foco Automático (AF) <br>- Modo de Foto: Automático, Pro, Panorama, Foto Sequencial, HDR (Vívido), Noturno, Esportes, Som e Foto <br>- Timer: Desativado, 2 segundos, 5 segundos, 10 segundos <br>- Efeitos de Foto: Outono, Creme, Profundo, Floresta, Clássico, Acolhedor, Memória, Bordo <br>- Flash: Flash LED <br> <br><strong>Câmera frontal:</strong><br>- Resolução: 8MP F1.9 <br>- Flash Frontal: Sim, Flash a LED<br> <br><strong>Bateria:</strong><br>- Capacidade da Bateria (mAh): 3000 mAh <br>- Tipo de Bateria: Ions de Lítio <br>- Voltagem: Bi-Volt <br> <br><strong>Vídeo:</strong><br>- Formatos Suportados para reprodução: MP4,AVI <br>- Resolução de reprodução: FHD (1920 x 1080) @ 60fps <br>- Resolução de gravação: FHD (1920 x 1080) @ 30fps <br>- Formato suportado de Streaming: 3GP,MP4<br> <br><strong>Imagem:</strong><br>- Formatos Suportados: A-GIF,BMP,GIF,JPEG,P-JPEG,PNG,WebP,WBMP <br> <br><strong>Música:</strong><br>- Reprodução de Música <br>- Formatos Suportados: MP3,AAC,WMA,FLAC <br>- Rádio FM <br>- Gravação de Rádio FM <br>- RDS <br> <br><strong>Toques:</strong><br>- Polifônicos <br>- MP3<br> <br><strong>GPS:</strong><br>- GPS<br>- A-GPS<br> <br><strong>TV:</strong><br>- TV Digital: Sim, TV Digital HD <br> <br><strong>Formato e Interface:</strong><br>- Formato do Aparelho: Barra <br>- Interface com o Usuário: Touch Screen <br> <br><strong>Processador:</strong><br>- Número de Núcleos: Octa-Core <br>- Velocidade do Processador: 1.6GHz <br><strong><br></strong><br><strong>Bandas:</strong><br>- 2G GSM (GPRS/EDGE): 850, 900, 1800, 1900 MHz <br>- 3G Bandas: B1(2100), B2(1900), B4(AWS), B5(850), B8(900) <br>- 3G Downlink / Uplink: HSPA+ 42.2 / 5.76 Mbps <br>- 4G Bandas: B1(2100),B2(1900),B3(1800),B4(AWS),B5(850),B7(2600),B8(900),B12(700),B13(700),B17(700),B20(800),B28(700),B66(AWS-3) <br>- 4G categoria: Cat. 4 <br> <br><strong>Conectividade:</strong><br>- Bluetooth: versão 4.2 <br>- Browser: Google Chrome, Samsung <br>- Conexão Wi-Fi: 802.11 b/g/n 2.4GHz <br>- Roteador: Wi-Fi <br>- 2 Chips <br>- Tipo de SIM: Nano SIM (4FF) <br>- USB versão: 2 <br>- USB Conector: Micro USB <br> <br><strong>E-mail e escritório:</strong><br>- E-mail: Google Mail, SAMSUNG E-mail <br>- Push E-mail: Microsoft, Direct Push E-Mail for Exchange <br>- Tipos de E-mail Suportados: POP3,IMAP4,SMTP,SSL,TLS <br>- Visualização de Arquivos Office <br>- Edição de Arquivos Office: Disponível para download <br> <br><strong>Sensores:</strong><br>- Tipos de Sensores: Acelerômetro, Proximidade, Hall <br>- Leitor Biométrico (Impressão Digital) <br><strong><br></strong><br><strong>Conteúdo da embalagem:</strong><br>- Smartphone Samsung<br>- Carregador<br>- Cabos de dados<br>- Fone de ouvido<br>- Extrator de Chip <br><br><br><strong>Garantia</strong><br>12 meses de garantia<br><br><strong>Peso</strong><br>280 gramas<br>
";635.17;907.26;747.26;;;;;;;;Categories > Smartphone;;Smartphone/Smartphone_Samsung_Galaxy_J6_SMJ600GT_Octa_Core_Android_80Tela_56_32GB_13MP_TV_Digital_HD_Dual_Chip_Desbl__Prata_/97081_1_1528918380_g.jpg;Smartphone/Smartphone_Samsung_Galaxy_J6_SMJ600GT_Octa_Core_Android_80Tela_56_32GB_13MP_TV_Digital_HD_Dual_Chip_Desbl__Prata_/97081_1528918450_index_g.jpg;Smartphone/Smartphone_Samsung_Galaxy_J6_SMJ600GT_Octa_Core_Android_80Tela_56_32GB_13MP_TV_Digital_HD_Dual_Chip_Desbl__Prata_/97081_2_1528918380_g.jpg;Smartphone/Smartphone_Samsung_Galaxy_J6_SMJ600GT_Octa_Core_Android_80Tela_56_32GB_13MP_TV_Digital_HD_Dual_Chip_Desbl__Prata_/97081_3_1528918380_g.jpg;Smartphone/Smartphone_Samsung_Galaxy_J6_SMJ600GT_Octa_Core_Android_80Tela_56_32GB_13MP_TV_Digital_HD_Dual_Chip_Desbl__Prata_/97081_xxx_g.jpg;;;;;;;;;;;;;;;;;;;;;
46;SSD Crucial 25 240GB SATA III 6Gbs Leituras 540MBs e Gravações 500MBs  CT240BX500SSD1;"</strong><br>- Marca: Crucial<br>- Modelo: CT240BX500SSD1<br> <br><strong><br>Especificações:<br></strong><br>- Fator de forma: SSD interno de 2,5 polegadas<br>- Capacidade: 240 GB<br>- Series: BX500<br>- Interface: SATA 6.0Gb / s<br>- Tipo de dispositivo: Drive de estado sólido interno<br>- Altura da unidade: 7,0 mm<br>- Fator de forma: 2,5 ""(7mm)<br> <br><strong>Desempenho:</strong><br>- Leitura: 540 MB / s<br>- Gravação: 500 MB / s<br> <br><strong>Recursos:</strong><br>- Integridade de dados em várias etapas Algoritmo<br>- Monitoramento Térmico<br>- Aceleração de Gravação SLC<br>- Coleta de lixo ativa<br>- Suporte TRIM<br>- Auto-Monitoramento e Tecnologia de Relatórios (INTELIGENTE)<br>- Código de correção de erros (ECC)<br>- Expectativa de Vida (MTTF): 1.5 Milhões de Horas<br> <br><strong>Conteúdo da Embalagem:</strong><br>- SSD Crucial 2.5´ 240GB <br><br><br><strong>Garantia</strong><br>12 meses de garantia<br><br><strong>Peso</strong><br>60 gramas<br>
";246.90;;290.47;;;;;;;;Categories > Ssd;;;SSD/SSD_Crucial_25_240GB_SATA_III_6Gbs_Leituras_540MBs_e_Gravações_500MBs__CT240BX500SSD1/98544_1537969934_index_g.jpg;;;;;;;;;;;;;;;;;;;;;;;;
47;SSD WD Green 25 480GB SATA III 6Gbs Leituras 545MBs  WDS480G2G0A;"</strong><br>- Marca: WD<br>- Modelo: WDS480G2G0B<br><strong><br><strong>Especificações</strong>:</strong><br>- Interface: SATA III 6 Gb/s<br>- Capacidade: 480 GB<br>- Desempenho4 [QD32 4 KB]: Leitura sequencial até (MB/s) 545<br>- MTTF6: Até 1,00 M horas<br>- SSD de 2,5""/7 mm encapsulado<br>- Dimensões: 1,5 mm x 22,0 mm x 80 mm<br> <br><strong><strong>Alimentação5: </strong></strong><br>- Potência ativa média (mW): 80<br>- Operação de leitura máxima (mW): 2800<br>- Operação de gravação máxima (mW): 2800<br>- Adormecido (mW): 30<br>- DEVSLP (mW): 10<br> <br><strong><strong>Ambiental:</strong></strong><br>- Temperaturas operacionais: 0°C a 70°C<br>- Temperaturas não operacionais: -55°C a 85°C<br>- Vibração operacional: 5,0 gRMS, 10-2000 Hz<br>- Vibração não operacional 4,9 gRMS, 7-800 Hz<br>- Choque: 1.500 G com meio ciclo de 0,5 msec<br>- Certificações: FCC, UL, TUV, KC, BSMI, VCCI  <br> <br><strong><strong>Conteúdo da embalagem:</strong></strong><br>- SSD WD Green 2.5´ 480GB <br> <br><strong><strong>Observações:</strong></strong><br>- 1 Nem todos os produtos podem estar disponíveis em todas as regiões do mundo. <br>- 2 Compatibilidade reversa com SATA II e I. <br>- 3 Ao tratar-se de capacidade de armazenamento, um megabyte (MB) = um milhão de bytes, um gigabyte (GB) = um bilhão de bytes, e um terabyte (TB) = um trilhão de bytes. A capacidade total de acesso varia, pois depende do ambiente operacional. Quando usado para buffer ou cache, um megabyte (MB) = 1.048.576 bytes. Ao se tratar de taxa de transferência ou interface, megabyte por segundo (MB/s) = um milhão de bytes por segundo; e gigabit por segundo (Gb/s) = um bilhão de bits por segundo. Taxa de transferência máxima eficaz do SATA de 6 Gb/s de acordo com a especificação da Serial ATA publicada pela organização SATA-IO na data desta planilha de especificação. Visite www.sata-io para obter detalhes. <br>- 4 O desempenho é baseado no benchmark CrystalDiskMark usando um intervalo de LBA de 1000 MB em desktop ASUS Z170A ATX com chipset Intel Z170, Intel i7-6700K 4,0 GHz, 8M, Skylake, DDR4 de 8GB 2133 MHz, Windows 10 Pro 64 bits SP1 usando Intel iRST versão 15.2.0.1020, unidade secundária, C-state desativado. O desempenho pode variar com base no dispositivo host. 1 MB = 1.000.000 bytes. IOPS = operações de entrada/saída por segundo. <br>- 5 Medido usando o benchmark MobileMark 2014 com DIPM (Device Initiated Power Management, gerenciamento de energia iniciado pelo dispositivo) ativado. <br>- 6 MTTF = Tempo Médio Até Falha baseado em testes internos usando o teste de peça de stress Telcordia <br><br><br><strong>Garantia</strong><br>12 meses de garantia<br><br><strong>Peso</strong><br>75 gramas<br>
";479.90;;564.59;;;;;;;;Categories > Ssd;;;SSD/SSD_WD_Green_25_480GB_SATA_III_6Gbs_Leituras_545MBs__WDS480G2G0A/98432_index_g.jpg;;;;;;;;;;;;;;;;;;;;;;;;
48;Teclado e mouse HP USB Preto  C2500 ;"</strong><br>- Marca: HP<br>- Modelo: C2500 <br><strong><br></strong><br><strong><br>Especificações:<br></strong><br>- Mouse com formato arredondado <br>- Mantém a mão confortável<br>- Sensor Óptico<br>- Design resistente a respingos<br>- Altura do teclado ajustável com 2 posições diferentes<br><strong><br></strong><br><strong>Compatibilidade:</strong><br>- Windows 8<br>- Windows 7<br>- Windows Vista<br>- Windows XP<br> <br><strong>Conteúdo da embalagem:</strong><br>- Teclado<br>- Mouse<br>- Documentação <br><br><br><strong>Garantia</strong><br>12 meses de garantia<br><br><strong>Peso</strong><br>675 gramas<br>
";71.90;91.53;84.59;;;;;;;;Categories > Teclado;;;Teclado/Teclado_e_mouse_HP_USB_Preto__C2500_/80657_index_g.jpg;;;;;;;;;;;;;;;;;;;;;;;;
49;Teclado Gamer Corsair Mecânico Switch Cherry MX Red LED vermelho ABNT2 K68 CH9102020BR;"</strong><br>- Marca: Corsair<br>- Modelo: CH-9102020-BR<br><strong><br>Especificações:<br></strong><br>- Teclas: Cherry MX Red<br>- Luz de fundo do teclado: RED LED<br>- Taxa de relatório: Até 1ms / 1000Hz<br>- Matriz: 100% anti-ghosting com rollover de key completa<br>- Tamanho do teclado: Padrão<br>- Teclas de mídia: Dedicado (MUTE, VOL DOWN / UP, STOP, PREV, PLAY / PAUSE, NEXT)<br>- Descanso de Pulso<br>- Software CUE: ativado<br>- Tipo de cabo: Tangle-free rubber<br>- Bloqueio WIN<br>- Layout do Teclado: BR<br><strong>Requisitos do sistema e compatibilidade:</strong><br>- PC com porta USB 2.0<br>- Windows 10, Windows 8, Windows 7<br>- É necessário ter conexão com a Internet para baixar o software Corsair Utility Engine<br> <br><strong>Conteúdo da embalagem:</strong><br>- 01 Teclado mecânico para jogos K68<br>- 01 Descanso para pulso integral removível<br>- 01 Cartão de garantia<br>- 01 Guia de início rápido<br><strong>* Imagens meramente ilustrativas. Layout padrão BR</strong> <br><br><br><strong>Garantia</strong><br>12 meses de garantia<br><br><strong>Peso</strong><br>1865 gramas<br>
";423.61;;498.36;;;;;;;;Categories > Teclado;;Teclado/Teclado_Gamer_Corsair_Mecânico_Switch_Cherry_MX_Red_LED_vermelho_ABNT2_K68_CH9102020BR/92821_1506598478_g.jpg;Teclado/Teclado_Gamer_Corsair_Mecânico_Switch_Cherry_MX_Red_LED_vermelho_ABNT2_K68_CH9102020BR/92821_index_g.jpg;Teclado/Teclado_Gamer_Corsair_Mecânico_Switch_Cherry_MX_Red_LED_vermelho_ABNT2_K68_CH9102020BR/92821_1506598486_g.jpg;Teclado/Teclado_Gamer_Corsair_Mecânico_Switch_Cherry_MX_Red_LED_vermelho_ABNT2_K68_CH9102020BR/92821_1506598493_g.jpg;;;;;;;;;;;;;;;;;;;;;;
